stable_id	path	qualname_or_field	kind	value	source_class	source_reference	assessment
agent_gateway/contracts.py:11:definition:MAX_REQUEST_BYTES	agent_gateway/contracts.py	MAX_REQUEST_BYTES	definition	256000	operational_policy	agent_gateway/contracts.py:11 (internal operational/safety policy)	unsupported: no defensible external benchmark/source found
backtesting/experiments/models.py:43:definition:ExecutionConfig.fixed_fee_per_contract_per_side	backtesting/experiments/models.py	ExecutionConfig.fixed_fee_per_contract_per_side	definition	0.0	unsupported	no defensible source found	unsupported: approval, prior backtest, convention, or code presence is not a defensible source
backtesting/experiments/models.py:44:definition:ExecutionConfig.slippage_points	backtesting/experiments/models.py	ExecutionConfig.slippage_points	definition	0.0	unsupported	no defensible source found	unsupported: approval, prior backtest, convention, or code presence is not a defensible source
backtesting/experiments/models.py:45:definition:ExecutionConfig.slippage_ticks	backtesting/experiments/models.py	ExecutionConfig.slippage_ticks	definition	0.0	unsupported	no defensible source found	unsupported: approval, prior backtest, convention, or code presence is not a defensible source
backtesting/experiments/models.py:140:default:ExecutionConfig.next_bar_open.fixed_fee_per_contract_per_side	backtesting/experiments/models.py	ExecutionConfig.next_bar_open.fixed_fee_per_contract_per_side	default	0.0	unsupported	no defensible source found	unsupported: approval, prior backtest, convention, or code presence is not a defensible source
backtesting/experiments/models.py:140:default:ExecutionConfig.next_bar_open.slippage_points	backtesting/experiments/models.py	ExecutionConfig.next_bar_open.slippage_points	default	0.0	unsupported	no defensible source found	unsupported: approval, prior backtest, convention, or code presence is not a defensible source
backtesting/experiments/models.py:140:default:ExecutionConfig.next_bar_open.slippage_ticks	backtesting/experiments/models.py	ExecutionConfig.next_bar_open.slippage_ticks	default	0.0	unsupported	no defensible source found	unsupported: approval, prior backtest, convention, or code presence is not a defensible source
backtesting/experiments/models.py:177:default:ExecutionConfig.same_bar_close.fixed_fee_per_contract_per_side	backtesting/experiments/models.py	ExecutionConfig.same_bar_close.fixed_fee_per_contract_per_side	default	0.0	unsupported	no defensible source found	unsupported: approval, prior backtest, convention, or code presence is not a defensible source
backtesting/experiments/models.py:177:default:ExecutionConfig.same_bar_close.slippage_points	backtesting/experiments/models.py	ExecutionConfig.same_bar_close.slippage_points	default	0.0	unsupported	no defensible source found	unsupported: approval, prior backtest, convention, or code presence is not a defensible source
backtesting/experiments/models.py:177:default:ExecutionConfig.same_bar_close.slippage_ticks	backtesting/experiments/models.py	ExecutionConfig.same_bar_close.slippage_ticks	default	0.0	unsupported	no defensible source found	unsupported: approval, prior backtest, convention, or code presence is not a defensible source
backtesting/monte_carlo/models.py:12:definition:ExecutionCostScenario.fee_increase	backtesting/monte_carlo/models.py	ExecutionCostScenario.fee_increase	definition	0.0	provisional_policy	docs/monte-carlo-testing.md:21-26	unsupported: documented as internal/provisional policy; no defensible external source found
backtesting/monte_carlo/models.py:13:definition:ExecutionCostScenario.slippage_increase	backtesting/monte_carlo/models.py	ExecutionCostScenario.slippage_increase	definition	0.0	provisional_policy	docs/monte-carlo-testing.md:21-26	unsupported: documented as internal/provisional policy; no defensible external source found
backtesting/monte_carlo/models.py:39:definition:MonteCarloConfig.seed	backtesting/monte_carlo/models.py	MonteCarloConfig.seed	definition	42	provisional_policy	docs/monte-carlo-testing.md:21-26	unsupported: documented as internal/provisional policy; no defensible external source found
backtesting/monte_carlo/models.py:40:definition:MonteCarloConfig.simulation_count	backtesting/monte_carlo/models.py	MonteCarloConfig.simulation_count	definition	1000	provisional_policy	docs/monte-carlo-testing.md:21-26	unsupported: documented as internal/provisional policy; no defensible external source found
backtesting/monte_carlo/models.py:41:definition:MonteCarloConfig.percentiles	backtesting/monte_carlo/models.py	MonteCarloConfig.percentiles	definition	(5, 25, 50, 75, 95)	provisional_policy	docs/monte-carlo-testing.md:21-26	unsupported: documented as internal/provisional policy; no defensible external source found
backtesting/monte_carlo/models.py:42:definition:MonteCarloConfig.minimum_observations	backtesting/monte_carlo/models.py	MonteCarloConfig.minimum_observations	definition	20	provisional_policy	docs/monte-carlo-testing.md:21-26	unsupported: documented as internal/provisional policy; no defensible external source found
backtesting/monte_carlo/models.py:43:definition:MonteCarloConfig.drawdown_threshold	backtesting/monte_carlo/models.py	MonteCarloConfig.drawdown_threshold	definition	0.35	provisional_policy	docs/monte-carlo-testing.md:21-26	unsupported: documented as internal/provisional policy; no defensible external source found
backtesting/monte_carlo/models.py:44:definition:MonteCarloConfig.maximum_loss_probability	backtesting/monte_carlo/models.py	MonteCarloConfig.maximum_loss_probability	definition	0.25	provisional_policy	docs/monte-carlo-testing.md:21-26	unsupported: documented as internal/provisional policy; no defensible external source found
backtesting/monte_carlo/models.py:45:definition:MonteCarloConfig.maximum_drawdown_breach_probability	backtesting/monte_carlo/models.py	MonteCarloConfig.maximum_drawdown_breach_probability	definition	0.1	provisional_policy	docs/monte-carlo-testing.md:21-26	unsupported: documented as internal/provisional policy; no defensible external source found
backtesting/monte_carlo/models.py:46:definition:MonteCarloConfig.lower_percentile	backtesting/monte_carlo/models.py	MonteCarloConfig.lower_percentile	definition	5	provisional_policy	docs/monte-carlo-testing.md:21-26	unsupported: documented as internal/provisional policy; no defensible external source found
backtesting/monte_carlo/models.py:47:definition:MonteCarloConfig.minimum_lower_percentile_return	backtesting/monte_carlo/models.py	MonteCarloConfig.minimum_lower_percentile_return	definition	-0.1	provisional_policy	docs/monte-carlo-testing.md:21-26	unsupported: documented as internal/provisional policy; no defensible external source found
backtesting/out_of_sample/models.py:18:definition:ChronologicalSplitConfig.train_fraction	backtesting/out_of_sample/models.py	ChronologicalSplitConfig.train_fraction	definition	0.6	provisional_policy	docs/out-of-sample-testing.md:8-30	unsupported: documented as internal/provisional policy; no defensible external source found
backtesting/out_of_sample/models.py:19:definition:ChronologicalSplitConfig.selection_fraction	backtesting/out_of_sample/models.py	ChronologicalSplitConfig.selection_fraction	definition	0.2	provisional_policy	docs/out-of-sample-testing.md:8-30	unsupported: documented as internal/provisional policy; no defensible external source found
backtesting/out_of_sample/models.py:20:definition:ChronologicalSplitConfig.test_fraction	backtesting/out_of_sample/models.py	ChronologicalSplitConfig.test_fraction	definition	0.2	provisional_policy	docs/out-of-sample-testing.md:8-30	unsupported: documented as internal/provisional policy; no defensible external source found
backtesting/out_of_sample/models.py:21:definition:ChronologicalSplitConfig.minimum_rows_per_partition	backtesting/out_of_sample/models.py	ChronologicalSplitConfig.minimum_rows_per_partition	definition	30	provisional_policy	docs/out-of-sample-testing.md:8-30	unsupported: documented as internal/provisional policy; no defensible external source found
backtesting/out_of_sample/models.py:74:definition:OutOfSampleConfig.shortlist_size	backtesting/out_of_sample/models.py	OutOfSampleConfig.shortlist_size	definition	5	provisional_policy	docs/out-of-sample-testing.md:8-30	unsupported: documented as internal/provisional policy; no defensible external source found
backtesting/portability/profiles.py:28:override:bar_duration	backtesting/portability/profiles.py	bar_duration	override	timedelta(days=1)	unsupported	no defensible source found	unsupported: approval, prior backtest, convention, or code presence is not a defensible source
backtesting/portability/profiles.py:41:override:fee_rate	backtesting/portability/profiles.py	fee_rate	override	0.0005	unsupported	no defensible source found	unsupported: approval, prior backtest, convention, or code presence is not a defensible source
backtesting/portability/profiles.py:41:override:leverage	backtesting/portability/profiles.py	leverage	override	1.0	unsupported	no defensible source found	unsupported: approval, prior backtest, convention, or code presence is not a defensible source
backtesting/portability/profiles.py:41:override:minimum_tick	backtesting/portability/profiles.py	minimum_tick	override	0.01	unsupported	no defensible source found	unsupported: approval, prior backtest, convention, or code presence is not a defensible source
backtesting/portability/profiles.py:41:override:point_value	backtesting/portability/profiles.py	point_value	override	1.0	unsupported	no defensible source found	unsupported: approval, prior backtest, convention, or code presence is not a defensible source
backtesting/portability/profiles.py:41:override:slippage_rate	backtesting/portability/profiles.py	slippage_rate	override	0.0002	unsupported	no defensible source found	unsupported: approval, prior backtest, convention, or code presence is not a defensible source
backtesting/portability/profiles.py:41:override:spread_rate	backtesting/portability/profiles.py	spread_rate	override	0.0	unsupported	no defensible source found	unsupported: approval, prior backtest, convention, or code presence is not a defensible source
backtesting/portability/profiles.py:61:override:point_value	backtesting/portability/profiles.py	point_value	override	1.0	unsupported	no defensible source found	unsupported: approval, prior backtest, convention, or code presence is not a defensible source
backtesting/portability/profiles.py:61:override:tick_size	backtesting/portability/profiles.py	tick_size	override	0.01	unsupported	no defensible source found	unsupported: approval, prior backtest, convention, or code presence is not a defensible source
backtesting/robustness/models.py:67:definition:NeighborhoodConfig.minimum_valid_neighbors	backtesting/robustness/models.py	NeighborhoodConfig.minimum_valid_neighbors	definition	3	provisional_policy	docs/parameter-regime-robustness.md:45-75	unsupported: documented as internal/provisional policy; no defensible external source found
backtesting/robustness/models.py:68:definition:NeighborhoodConfig.required_pass_proportion	backtesting/robustness/models.py	NeighborhoodConfig.required_pass_proportion	definition	0.6	provisional_policy	docs/parameter-regime-robustness.md:45-75	unsupported: documented as internal/provisional policy; no defensible external source found
backtesting/robustness/models.py:70:definition:NeighborhoodConfig.maximum_absolute_degradation	backtesting/robustness/models.py	NeighborhoodConfig.maximum_absolute_degradation	definition	0.25	provisional_policy	docs/parameter-regime-robustness.md:45-75	unsupported: documented as internal/provisional policy; no defensible external source found
backtesting/robustness/models.py:71:definition:NeighborhoodConfig.maximum_relative_degradation	backtesting/robustness/models.py	NeighborhoodConfig.maximum_relative_degradation	definition	0.5	provisional_policy	docs/parameter-regime-robustness.md:45-75	unsupported: documented as internal/provisional policy; no defensible external source found
backtesting/robustness/models.py:93:definition:RegimeConfig.trend_window	backtesting/robustness/models.py	RegimeConfig.trend_window	definition	50	provisional_policy	docs/parameter-regime-robustness.md:45-75	unsupported: documented as internal/provisional policy; no defensible external source found
backtesting/robustness/models.py:95:definition:RegimeConfig.volatility_window	backtesting/robustness/models.py	RegimeConfig.volatility_window	definition	20	provisional_policy	docs/parameter-regime-robustness.md:45-75	unsupported: documented as internal/provisional policy; no defensible external source found
backtesting/robustness/models.py:96:definition:RegimeConfig.volatility_threshold	backtesting/robustness/models.py	RegimeConfig.volatility_threshold	definition	0.2	provisional_policy	docs/parameter-regime-robustness.md:45-75	unsupported: documented as internal/provisional policy; no defensible external source found
backtesting/robustness/models.py:98:definition:RegimeConfig.minimum_observations	backtesting/robustness/models.py	RegimeConfig.minimum_observations	definition	20	provisional_policy	docs/parameter-regime-robustness.md:45-75	unsupported: documented as internal/provisional policy; no defensible external source found
backtesting/robustness/models.py:132:definition:RobustnessConfig.maximum_drawdown	backtesting/robustness/models.py	RobustnessConfig.maximum_drawdown	definition	0.35	provisional_policy	docs/parameter-regime-robustness.md:45-75	unsupported: documented as internal/provisional policy; no defensible external source found
backtesting/robustness/models.py:133:definition:RobustnessConfig.minimum_return	backtesting/robustness/models.py	RobustnessConfig.minimum_return	definition	0.0	provisional_policy	docs/parameter-regime-robustness.md:45-75	unsupported: documented as internal/provisional policy; no defensible external source found
backtesting/run_mes_orb.py:29:definition:INITIAL_CASH	backtesting/run_mes_orb.py	INITIAL_CASH	definition	100000.0	unsupported	no defensible source found	unsupported: approval, prior backtest, convention, or code presence is not a defensible source
backtesting/run_mes_orb.py:31:definition:CME_EXCHANGE_FEE_PER_CONTRACT_PER_SIDE	backtesting/run_mes_orb.py	CME_EXCHANGE_FEE_PER_CONTRACT_PER_SIDE	definition	0.35	externally_sourced_mes_contract	docs/mes-execution-and-roll-investigation.md:3-24 (IBKR/CME/NFA sources)	externally sourced fee component or its exact sum; revalidate before live use
backtesting/run_mes_orb.py:32:definition:NFA_REGULATORY_FEE_PER_CONTRACT_PER_SIDE	backtesting/run_mes_orb.py	NFA_REGULATORY_FEE_PER_CONTRACT_PER_SIDE	definition	0.02	externally_sourced_mes_contract	docs/mes-execution-and-roll-investigation.md:3-24 (IBKR/CME/NFA sources)	externally sourced fee component or its exact sum; revalidate before live use
backtesting/run_mes_orb.py:33:definition:MANDATORY_CLEARING_FEE_PER_CONTRACT_PER_SIDE	backtesting/run_mes_orb.py	MANDATORY_CLEARING_FEE_PER_CONTRACT_PER_SIDE	definition	0.0	externally_sourced_mes_contract	docs/mes-execution-and-roll-investigation.md:3-24 (IBKR/CME/NFA sources)	externally sourced fee component or its exact sum; revalidate before live use
backtesting/run_mes_orb.py:34:definition:ALL_IN_FEE_PER_CONTRACT_PER_SIDE	backtesting/run_mes_orb.py	ALL_IN_FEE_PER_CONTRACT_PER_SIDE	definition	0.62	externally_sourced_mes_contract	docs/mes-execution-and-roll-investigation.md:3-24 (IBKR/CME/NFA sources)	externally sourced fee component or its exact sum; revalidate before live use
backtesting/run_mes_orb.py:38:definition:SCENARIO_SLIPPAGE_TICKS	backtesting/run_mes_orb.py	SCENARIO_SLIPPAGE_TICKS	definition	{'baseline': 1.0, 'optimistic': 0.5, 'stress': 2.0}	unsupported	no defensible source found	unsupported: approval, prior backtest, convention, or code presence is not a defensible source
backtesting/run_mes_orb.py:123:override:_config.fees	backtesting/run_mes_orb.py	_config.fees	override	0.0	derived_internal_contract	backtesting/run_mes_orb.py:123; docs/mes-execution-and-roll-investigation.md:26-40	generic percentage costs are neutral because explicit per-contract/tick costs are applied separately
backtesting/run_mes_orb.py:123:override:_config.leverage	backtesting/run_mes_orb.py	_config.leverage	override	1.0	unsupported	no defensible source found	unsupported: approval, prior backtest, convention, or code presence is not a defensible source
backtesting/run_mes_orb.py:123:override:_config.order_size	backtesting/run_mes_orb.py	_config.order_size	override	1.0	unsupported	no defensible source found	unsupported: approval, prior backtest, convention, or code presence is not a defensible source
backtesting/run_mes_orb.py:123:override:_config.slippage	backtesting/run_mes_orb.py	_config.slippage	override	0.0	derived_internal_contract	backtesting/run_mes_orb.py:123; docs/mes-execution-and-roll-investigation.md:26-40	generic percentage costs are neutral because explicit per-contract/tick costs are applied separately
backtesting/run_mes_orb.py:123:override:_config.tick_size	backtesting/run_mes_orb.py	_config.tick_size	override	0.25	externally_sourced_mes_contract	docs/mes-execution-and-roll-investigation.md:26-40 (MES contract specification)	externally sourced MES tick size
backtesting/run_mes_orb_durable.py:52:definition:EXPECTED_DATASET_ROWS	backtesting/run_mes_orb_durable.py	EXPECTED_DATASET_ROWS	definition	476042	historical_fixture	backtesting/run_mes_orb_durable.py:52 (persisted historical artifact contract)	historical artifact identity/count; not a current policy threshold
backtesting/run_mes_overnight_gap_reversal.py:45:definition:EXPECTED_DATASET_ROWS	backtesting/run_mes_overnight_gap_reversal.py	EXPECTED_DATASET_ROWS	definition	476042	historical_fixture	backtesting/run_mes_overnight_gap_reversal.py:45 (persisted historical artifact contract)	historical artifact identity/count; not a current policy threshold
backtesting/run_mes_overnight_gap_reversal.py:52:definition:RISK_FREE_RATE	backtesting/run_mes_overnight_gap_reversal.py	RISK_FREE_RATE	definition	0.0	unsupported	no defensible source found	unsupported: approval, prior backtest, convention, or code presence is not a defensible source
backtesting/run_mes_overnight_gap_reversal.py:53:override:maximum_drawdown	backtesting/run_mes_overnight_gap_reversal.py	maximum_drawdown	override	0.35	provisional_policy	docs/strategies/mes-overnight-gap-reversal.md:146-159	unsupported: predeclared/provisional screen, but no defensible external threshold source found
backtesting/run_mes_overnight_gap_reversal.py:53:override:minimum_annualized_return	backtesting/run_mes_overnight_gap_reversal.py	minimum_annualized_return	override	0.0	provisional_policy	docs/strategies/mes-overnight-gap-reversal.md:146-159	unsupported: predeclared/provisional screen, but no defensible external threshold source found
backtesting/run_mes_overnight_gap_reversal.py:53:override:minimum_sharpe_ratio	backtesting/run_mes_overnight_gap_reversal.py	minimum_sharpe_ratio	override	0.5	provisional_policy	docs/strategies/mes-overnight-gap-reversal.md:146-159	unsupported: predeclared/provisional screen, but no defensible external threshold source found
backtesting/run_mes_overnight_gap_reversal.py:53:override:minimum_total_return	backtesting/run_mes_overnight_gap_reversal.py	minimum_total_return	override	0.0	provisional_policy	docs/strategies/mes-overnight-gap-reversal.md:146-159	unsupported: predeclared/provisional screen, but no defensible external threshold source found
backtesting/run_mes_overnight_gap_reversal.py:53:override:minimum_trades	backtesting/run_mes_overnight_gap_reversal.py	minimum_trades	override	750	provisional_policy	docs/strategies/mes-overnight-gap-reversal.md:146-159	unsupported: predeclared/provisional screen, but no defensible external threshold source found
backtesting/run_mes_overnight_gap_reversal.py:306:override:build_vectorbt_portfolio.fees	backtesting/run_mes_overnight_gap_reversal.py	build_vectorbt_portfolio.fees	override	0.0	derived_internal_contract	backtesting/run_mes_overnight_gap_reversal.py:306; docs/strategies/mes-overnight-gap-reversal.md:107-140	generic VectorBT costs are neutral because the candidate computes explicit futures costs
backtesting/run_mes_overnight_gap_reversal.py:306:override:build_vectorbt_portfolio.leverage	backtesting/run_mes_overnight_gap_reversal.py	build_vectorbt_portfolio.leverage	override	1.0	unsupported	no defensible source found	unsupported: approval, prior backtest, convention, or code presence is not a defensible source
backtesting/run_mes_overnight_gap_reversal.py:306:override:build_vectorbt_portfolio.size	backtesting/run_mes_overnight_gap_reversal.py	build_vectorbt_portfolio.size	override	1.0	unsupported	no defensible source found	unsupported: approval, prior backtest, convention, or code presence is not a defensible source
backtesting/run_mes_overnight_gap_reversal.py:306:override:build_vectorbt_portfolio.slippage	backtesting/run_mes_overnight_gap_reversal.py	build_vectorbt_portfolio.slippage	override	0.0	derived_internal_contract	backtesting/run_mes_overnight_gap_reversal.py:306; docs/strategies/mes-overnight-gap-reversal.md:107-140	generic VectorBT costs are neutral because the candidate computes explicit futures costs
backtesting/run_mes_overnight_gap_reversal.py:637:override:execute_mes_overnight_gap_reversal.evaluated_combinations	backtesting/run_mes_overnight_gap_reversal.py	execute_mes_overnight_gap_reversal.evaluated_combinations	override	1	historical_fixture	backtesting/run_mes_overnight_gap_reversal.py:637 (persisted historical artifact contract)	historical artifact identity/count; not a current policy threshold
backtesting/run_mes_overnight_gap_reversal.py:637:override:execute_mes_overnight_gap_reversal.rejected_combinations	backtesting/run_mes_overnight_gap_reversal.py	execute_mes_overnight_gap_reversal.rejected_combinations	override	0	historical_fixture	backtesting/run_mes_overnight_gap_reversal.py:637 (persisted historical artifact contract)	historical artifact identity/count; not a current policy threshold
backtesting/run_mes_overnight_gap_reversal_durable.py:122:override:_git_stdout.timeout	backtesting/run_mes_overnight_gap_reversal_durable.py	_git_stdout.timeout	override	30	unsupported	no defensible source found	unsupported: approval, prior backtest, convention, or code presence is not a defensible source
backtesting/run_rsi_demo.py:25:definition:INITIAL_CASH	backtesting/run_rsi_demo.py	INITIAL_CASH	definition	10000	unsupported	no defensible source found	unsupported: approval, prior backtest, convention, or code presence is not a defensible source
backtesting/run_rsi_demo.py:26:definition:FEES	backtesting/run_rsi_demo.py	FEES	definition	0.0005	unsupported	no defensible source found	unsupported: approval, prior backtest, convention, or code presence is not a defensible source
backtesting/run_rsi_demo.py:27:definition:SLIPPAGE	backtesting/run_rsi_demo.py	SLIPPAGE	definition	0.0002	unsupported	no defensible source found	unsupported: approval, prior backtest, convention, or code presence is not a defensible source
backtesting/run_rsi_demo.py:66:override:leverage	backtesting/run_rsi_demo.py	leverage	override	1.0	unsupported	no defensible source found	unsupported: approval, prior backtest, convention, or code presence is not a defensible source
backtesting/run_rsi_demo.py:84:override:leverage	backtesting/run_rsi_demo.py	leverage	override	1.0	unsupported	no defensible source found	unsupported: approval, prior backtest, convention, or code presence is not a defensible source
backtesting/run_rsi_oos.py:19:override:shortlist_size	backtesting/run_rsi_oos.py	shortlist_size	override	5	provisional_policy	docs/out-of-sample-testing.md:8-30	unsupported: documented as internal/provisional policy; no defensible external source found
backtesting/run_rsi_oos.py:21:override:minimum_rows_per_partition	backtesting/run_rsi_oos.py	minimum_rows_per_partition	override	30	provisional_policy	docs/out-of-sample-testing.md:8-30	unsupported: documented as internal/provisional policy; no defensible external source found
backtesting/run_rsi_oos.py:21:override:selection_fraction	backtesting/run_rsi_oos.py	selection_fraction	override	0.2	provisional_policy	docs/out-of-sample-testing.md:8-30	unsupported: documented as internal/provisional policy; no defensible external source found
backtesting/run_rsi_oos.py:21:override:test_fraction	backtesting/run_rsi_oos.py	test_fraction	override	0.2	provisional_policy	docs/out-of-sample-testing.md:8-30	unsupported: documented as internal/provisional policy; no defensible external source found
backtesting/run_rsi_oos.py:21:override:train_fraction	backtesting/run_rsi_oos.py	train_fraction	override	0.6	provisional_policy	docs/out-of-sample-testing.md:8-30	unsupported: documented as internal/provisional policy; no defensible external source found
backtesting/run_spy_donchian.py:20:definition:INITIAL_CASH	backtesting/run_spy_donchian.py	INITIAL_CASH	definition	10000.0	unsupported	no defensible source found	unsupported: approval, prior backtest, convention, or code presence is not a defensible source
backtesting/run_spy_donchian.py:21:definition:FEES	backtesting/run_spy_donchian.py	FEES	definition	0.0005	unsupported	no defensible source found	unsupported: approval, prior backtest, convention, or code presence is not a defensible source
backtesting/run_spy_donchian.py:22:definition:SLIPPAGE	backtesting/run_spy_donchian.py	SLIPPAGE	definition	0.0002	unsupported	no defensible source found	unsupported: approval, prior backtest, convention, or code presence is not a defensible source
backtesting/run_spy_donchian.py:57:override:_config.leverage	backtesting/run_spy_donchian.py	_config.leverage	override	1.0	unsupported	no defensible source found	unsupported: approval, prior backtest, convention, or code presence is not a defensible source
backtesting/run_spy_donchian_low_frequency_walk_forward.py:47:override:minimum_rows_per_window	backtesting/run_spy_donchian_low_frequency_walk_forward.py	minimum_rows_per_window	override	30	provisional_policy	docs/walk-forward-testing.md:9-26; docs/low-frequency-oos-evidence-policy.md:79-90	unsupported: documented as internal/provisional policy; no defensible external source found
backtesting/run_spy_donchian_low_frequency_walk_forward.py:47:override:shortlist_size	backtesting/run_spy_donchian_low_frequency_walk_forward.py	shortlist_size	override	1	provisional_policy	docs/walk-forward-testing.md:9-26; docs/low-frequency-oos-evidence-policy.md:79-90	unsupported: documented as internal/provisional policy; no defensible external source found
backtesting/run_spy_donchian_low_frequency_walk_forward.py:47:override:step_size	backtesting/run_spy_donchian_low_frequency_walk_forward.py	step_size	override	252	provisional_policy	docs/walk-forward-testing.md:9-26; docs/low-frequency-oos-evidence-policy.md:79-90	unsupported: documented as internal/provisional policy; no defensible external source found
backtesting/run_spy_donchian_low_frequency_walk_forward.py:47:override:test_window_size	backtesting/run_spy_donchian_low_frequency_walk_forward.py	test_window_size	override	252	provisional_policy	docs/walk-forward-testing.md:9-26; docs/low-frequency-oos-evidence-policy.md:79-90	unsupported: documented as internal/provisional policy; no defensible external source found
backtesting/run_spy_donchian_low_frequency_walk_forward.py:47:override:training_window_size	backtesting/run_spy_donchian_low_frequency_walk_forward.py	training_window_size	override	756	provisional_policy	docs/walk-forward-testing.md:9-26; docs/low-frequency-oos-evidence-policy.md:79-90	unsupported: documented as internal/provisional policy; no defensible external source found
backtesting/run_spy_donchian_oos.py:45:override:shortlist_size	backtesting/run_spy_donchian_oos.py	shortlist_size	override	3	provisional_policy	docs/out-of-sample-testing.md:8-30	unsupported: documented as internal/provisional policy; no defensible external source found
backtesting/run_spy_donchian_oos.py:47:override:minimum_rows_per_partition	backtesting/run_spy_donchian_oos.py	minimum_rows_per_partition	override	30	provisional_policy	docs/out-of-sample-testing.md:8-30	unsupported: documented as internal/provisional policy; no defensible external source found
backtesting/run_spy_donchian_oos.py:47:override:selection_fraction	backtesting/run_spy_donchian_oos.py	selection_fraction	override	0.2	provisional_policy	docs/out-of-sample-testing.md:8-30	unsupported: documented as internal/provisional policy; no defensible external source found
backtesting/run_spy_donchian_oos.py:47:override:test_fraction	backtesting/run_spy_donchian_oos.py	test_fraction	override	0.2	provisional_policy	docs/out-of-sample-testing.md:8-30	unsupported: documented as internal/provisional policy; no defensible external source found
backtesting/run_spy_donchian_oos.py:47:override:train_fraction	backtesting/run_spy_donchian_oos.py	train_fraction	override	0.6	provisional_policy	docs/out-of-sample-testing.md:8-30	unsupported: documented as internal/provisional policy; no defensible external source found
backtesting/run_spym_intraday_momentum.py:26:definition:EXPECTED_DATASET_ROWS	backtesting/run_spym_intraday_momentum.py	EXPECTED_DATASET_ROWS	definition	53528	historical_fixture	backtesting/run_spym_intraday_momentum.py:26 (persisted historical artifact contract)	historical artifact identity/count; not a current policy threshold
backtesting/run_spym_intraday_momentum.py:29:definition:INITIAL_CASH	backtesting/run_spym_intraday_momentum.py	INITIAL_CASH	definition	10000.0	unsupported	no defensible source found	unsupported: approval, prior backtest, convention, or code presence is not a defensible source
backtesting/run_spym_intraday_momentum.py:30:definition:FEE_RATE	backtesting/run_spym_intraday_momentum.py	FEE_RATE	definition	0.0005	unsupported	no defensible source found	unsupported: approval, prior backtest, convention, or code presence is not a defensible source
backtesting/run_spym_intraday_momentum.py:31:definition:SLIPPAGE_RATE	backtesting/run_spym_intraday_momentum.py	SLIPPAGE_RATE	definition	0.0002	unsupported	no defensible source found	unsupported: approval, prior backtest, convention, or code presence is not a defensible source
backtesting/run_spym_intraday_momentum.py:33:definition:RISK_FREE_RATE	backtesting/run_spym_intraday_momentum.py	RISK_FREE_RATE	definition	0.0	unsupported	no defensible source found	unsupported: approval, prior backtest, convention, or code presence is not a defensible source
backtesting/run_spym_intraday_momentum.py:327:override:build_mixed_price_portfolio.leverage	backtesting/run_spym_intraday_momentum.py	build_mixed_price_portfolio.leverage	override	1.0	unsupported	no defensible source found	unsupported: approval, prior backtest, convention, or code presence is not a defensible source
backtesting/run_spym_intraday_momentum.py:389:override:execute_spym_intraday_momentum.evaluated_combinations	backtesting/run_spym_intraday_momentum.py	execute_spym_intraday_momentum.evaluated_combinations	override	1	historical_fixture	backtesting/run_spym_intraday_momentum.py:389 (persisted historical artifact contract)	historical artifact identity/count; not a current policy threshold
backtesting/run_spym_intraday_momentum.py:389:override:execute_spym_intraday_momentum.rejected_combinations	backtesting/run_spym_intraday_momentum.py	execute_spym_intraday_momentum.rejected_combinations	override	0	historical_fixture	backtesting/run_spym_intraday_momentum.py:389 (persisted historical artifact contract)	historical artifact identity/count; not a current policy threshold
backtesting/screening/models.py:46:override:ScreeningConfig.provisional_defaults.maximum_drawdown	backtesting/screening/models.py	ScreeningConfig.provisional_defaults.maximum_drawdown	override	0.35	provisional_policy	docs/cheap-screening.md:33-52	unsupported: documented as internal/provisional policy; no defensible external source found
backtesting/screening/models.py:46:override:ScreeningConfig.provisional_defaults.minimum_annualized_return	backtesting/screening/models.py	ScreeningConfig.provisional_defaults.minimum_annualized_return	override	0.0	provisional_policy	docs/cheap-screening.md:33-52	unsupported: documented as internal/provisional policy; no defensible external source found
backtesting/screening/models.py:46:override:ScreeningConfig.provisional_defaults.minimum_sharpe_ratio	backtesting/screening/models.py	ScreeningConfig.provisional_defaults.minimum_sharpe_ratio	override	0.5	provisional_policy	docs/cheap-screening.md:33-52	unsupported: documented as internal/provisional policy; no defensible external source found
backtesting/screening/models.py:46:override:ScreeningConfig.provisional_defaults.minimum_total_return	backtesting/screening/models.py	ScreeningConfig.provisional_defaults.minimum_total_return	override	0.0	provisional_policy	docs/cheap-screening.md:33-52	unsupported: documented as internal/provisional policy; no defensible external source found
backtesting/screening/models.py:46:override:ScreeningConfig.provisional_defaults.minimum_trades	backtesting/screening/models.py	ScreeningConfig.provisional_defaults.minimum_trades	override	20	provisional_policy	docs/cheap-screening.md:33-52	unsupported: documented as internal/provisional policy; no defensible external source found
backtesting/walk_forward/low_frequency.py:34:definition:LowFrequencyEvidenceConfig.minimum_validation_trades	backtesting/walk_forward/low_frequency.py	LowFrequencyEvidenceConfig.minimum_validation_trades	definition	8	provisional_policy	docs/low-frequency-oos-evidence-policy.md:24-90	unsupported: documented as internal/provisional policy; no defensible external source found
backtesting/walk_forward/low_frequency.py:35:definition:LowFrequencyEvidenceConfig.minimum_sufficient_folds	backtesting/walk_forward/low_frequency.py	LowFrequencyEvidenceConfig.minimum_sufficient_folds	definition	3	provisional_policy	docs/low-frequency-oos-evidence-policy.md:24-90	unsupported: documented as internal/provisional policy; no defensible external source found
backtesting/walk_forward/low_frequency.py:36:definition:LowFrequencyEvidenceConfig.minimum_pass_rate	backtesting/walk_forward/low_frequency.py	LowFrequencyEvidenceConfig.minimum_pass_rate	definition	0.6	provisional_policy	docs/low-frequency-oos-evidence-policy.md:24-90	unsupported: documented as internal/provisional policy; no defensible external source found
backtesting/walk_forward/low_frequency.py:37:definition:LowFrequencyEvidenceConfig.maximum_drawdown	backtesting/walk_forward/low_frequency.py	LowFrequencyEvidenceConfig.maximum_drawdown	definition	0.35	provisional_policy	docs/low-frequency-oos-evidence-policy.md:24-90	unsupported: documented as internal/provisional policy; no defensible external source found
backtesting/walk_forward/low_frequency.py:38:definition:LowFrequencyEvidenceConfig.minimum_total_return	backtesting/walk_forward/low_frequency.py	LowFrequencyEvidenceConfig.minimum_total_return	definition	0.0	provisional_policy	docs/low-frequency-oos-evidence-policy.md:24-90	unsupported: documented as internal/provisional policy; no defensible external source found
backtesting/walk_forward/low_frequency.py:39:definition:LowFrequencyEvidenceConfig.minimum_annualized_return	backtesting/walk_forward/low_frequency.py	LowFrequencyEvidenceConfig.minimum_annualized_return	definition	0.0	provisional_policy	docs/low-frequency-oos-evidence-policy.md:24-90	unsupported: documented as internal/provisional policy; no defensible external source found
backtesting/walk_forward/low_frequency.py:40:definition:LowFrequencyEvidenceConfig.minimum_sharpe_ratio	backtesting/walk_forward/low_frequency.py	LowFrequencyEvidenceConfig.minimum_sharpe_ratio	definition	0.5	provisional_policy	docs/low-frequency-oos-evidence-policy.md:24-90	unsupported: documented as internal/provisional policy; no defensible external source found
backtesting/walk_forward/models.py:73:override:WalkForwardConfig.rolling_default.minimum_rows_per_window	backtesting/walk_forward/models.py	WalkForwardConfig.rolling_default.minimum_rows_per_window	override	30	provisional_policy	docs/walk-forward-testing.md:9-26	unsupported: documented as internal/provisional policy; no defensible external source found
backtesting/walk_forward/models.py:73:override:WalkForwardConfig.rolling_default.selection_window_size	backtesting/walk_forward/models.py	WalkForwardConfig.rolling_default.selection_window_size	override	252	provisional_policy	docs/walk-forward-testing.md:9-26	unsupported: documented as internal/provisional policy; no defensible external source found
backtesting/walk_forward/models.py:73:override:WalkForwardConfig.rolling_default.shortlist_size	backtesting/walk_forward/models.py	WalkForwardConfig.rolling_default.shortlist_size	override	5	provisional_policy	docs/walk-forward-testing.md:9-26	unsupported: documented as internal/provisional policy; no defensible external source found
backtesting/walk_forward/models.py:73:override:WalkForwardConfig.rolling_default.step_size	backtesting/walk_forward/models.py	WalkForwardConfig.rolling_default.step_size	override	126	provisional_policy	docs/walk-forward-testing.md:9-26	unsupported: documented as internal/provisional policy; no defensible external source found
backtesting/walk_forward/models.py:73:override:WalkForwardConfig.rolling_default.test_window_size	backtesting/walk_forward/models.py	WalkForwardConfig.rolling_default.test_window_size	override	126	provisional_policy	docs/walk-forward-testing.md:9-26	unsupported: documented as internal/provisional policy; no defensible external source found
backtesting/walk_forward/models.py:73:override:WalkForwardConfig.rolling_default.training_window_size	backtesting/walk_forward/models.py	WalkForwardConfig.rolling_default.training_window_size	override	756	provisional_policy	docs/walk-forward-testing.md:9-26	unsupported: documented as internal/provisional policy; no defensible external source found
backtesting/walk_forward/runner.py:183:override:_aggregate.total_trades	backtesting/walk_forward/runner.py	_aggregate.total_trades	override	sum((int(fold.test_metrics.get('number_of_trades', 0)) for fold in successful))	mathematical_invariant	backtesting/walk_forward/runner.py:183 (sum identity)	supported by exact aggregation semantics; zero is the empty-sum identity
dashboard/app.py:32:override:port	dashboard/app.py	port	override	8050	operational_policy	dashboard/app.py:32 (internal dashboard operational policy)	unsupported: no defensible external benchmark/source found
dashboard/application.py:102:definition:RECENT_RUN_DISPLAY_LIMIT	dashboard/application.py	RECENT_RUN_DISPLAY_LIMIT	definition	4	presentation_layout	dashboard/application.py:102 (dashboard presentation implementation)	presentation/layout/density choice; not a trading or evidence threshold
dashboard/application.py:103:definition:RECENT_EVENT_DISPLAY_LIMIT	dashboard/application.py	RECENT_EVENT_DISPLAY_LIMIT	definition	5	presentation_layout	dashboard/application.py:103 (dashboard presentation implementation)	presentation/layout/density choice; not a trading or evidence threshold
dashboard/application.py:152:override:_register_initial_path_cookie._remember_initial_dashboard_path.max_age	dashboard/application.py	_register_initial_path_cookie._remember_initial_dashboard_path.max_age	override	30	operational_policy	dashboard/application.py:152 (internal dashboard operational policy)	unsupported: no defensible external benchmark/source found
dashboard/application.py:441:override:_grid_profile_definition.minWidth	dashboard/application.py	_grid_profile_definition.minWidth	override	86	presentation_layout	dashboard/application.py:441 (dashboard presentation implementation)	presentation/layout/density choice; not a trading or evidence threshold
dashboard/application.py:443:override:_grid_profile_definition.minWidth	dashboard/application.py	_grid_profile_definition.minWidth	override	170	presentation_layout	dashboard/application.py:443 (dashboard presentation implementation)	presentation/layout/density choice; not a trading or evidence threshold
dashboard/application.py:445:override:_grid_profile_definition.minWidth	dashboard/application.py	_grid_profile_definition.minWidth	override	92	presentation_layout	dashboard/application.py:445 (dashboard presentation implementation)	presentation/layout/density choice; not a trading or evidence threshold
dashboard/application.py:447:override:_grid_profile_definition.minWidth	dashboard/application.py	_grid_profile_definition.minWidth	override	122	presentation_layout	dashboard/application.py:447 (dashboard presentation implementation)	presentation/layout/density choice; not a trading or evidence threshold
dashboard/application.py:452:override:_grid_profile_definition.minWidth	dashboard/application.py	_grid_profile_definition.minWidth	override	168	presentation_layout	dashboard/application.py:452 (dashboard presentation implementation)	presentation/layout/density choice; not a trading or evidence threshold
dashboard/application.py:460:override:_grid_profile_definition.minWidth	dashboard/application.py	_grid_profile_definition.minWidth	override	82	presentation_layout	dashboard/application.py:460 (dashboard presentation implementation)	presentation/layout/density choice; not a trading or evidence threshold
dashboard/application.py:473:override:_grid_profile_definition.minWidth	dashboard/application.py	_grid_profile_definition.minWidth	override	104	presentation_layout	dashboard/application.py:473 (dashboard presentation implementation)	presentation/layout/density choice; not a trading or evidence threshold
dashboard/application.py:475:override:_grid_profile_definition.minWidth	dashboard/application.py	_grid_profile_definition.minWidth	override	118	presentation_layout	dashboard/application.py:475 (dashboard presentation implementation)	presentation/layout/density choice; not a trading or evidence threshold
dashboard/application.py:570:default:_overview_page.health_refresh_interval_ms	dashboard/application.py	_overview_page.health_refresh_interval_ms	default	30000	operational_policy	dashboard/application.py:570 (internal dashboard operational policy)	unsupported: no defensible external benchmark/source found
dashboard/application.py:570:default:_overview_page.health_stale_after	dashboard/application.py	_overview_page.health_stale_after	default	timedelta(minutes=15)	operational_policy	dashboard/application.py:570 (internal dashboard operational policy)	unsupported: no defensible external benchmark/source found
dashboard/application.py:575:override:_overview_page.minutes	dashboard/application.py	_overview_page.minutes	override	15	presentation_layout	dashboard/application.py:575 (dashboard presentation implementation)	presentation/layout/density choice; not a trading or evidence threshold
dashboard/application.py:1865:override:_parameter_variants_explorer.columnSizeOptions	dashboard/application.py	_parameter_variants_explorer.columnSizeOptions	override	{'defaultMinWidth': 84}	presentation_layout	dashboard/application.py:1865 (dashboard presentation implementation)	presentation/layout/density choice; not a trading or evidence threshold
dashboard/application.py:2043:definition:_MAX_OVERVIEW_POINTS	dashboard/application.py	_MAX_OVERVIEW_POINTS	definition	1500	presentation_layout	dashboard/application.py:2043 (dashboard presentation implementation)	presentation/layout/density choice; not a trading or evidence threshold
dashboard/application.py:2460:override:_price_marker_figure.minutes	dashboard/application.py	_price_marker_figure.minutes	override	1	presentation_layout	dashboard/application.py:2460 (dashboard presentation implementation)	presentation/layout/density choice; not a trading or evidence threshold
dashboard/application.py:3716:override:_results_review_panel.maxLength	dashboard/application.py	_results_review_panel.maxLength	override	500	schema_invariant	dashboard/application.py:3716 (review-note input contract)	enforced application input contract; no empirical trading claim
dashboard/application.py:3842:override:_runs_page.columnSizeOptions	dashboard/application.py	_runs_page.columnSizeOptions	override	{'defaultMinWidth': 72}	presentation_layout	dashboard/application.py:3842 (dashboard presentation implementation)	presentation/layout/density choice; not a trading or evidence threshold
dashboard/application.py:4381:default:page_for_path.health_refresh_interval_ms	dashboard/application.py	page_for_path.health_refresh_interval_ms	default	30000	operational_policy	dashboard/application.py:4381 (internal dashboard operational policy)	unsupported: no defensible external benchmark/source found
dashboard/application.py:4381:default:page_for_path.health_stale_after	dashboard/application.py	page_for_path.health_stale_after	default	timedelta(minutes=15)	operational_policy	dashboard/application.py:4381 (internal dashboard operational policy)	unsupported: no defensible external benchmark/source found
dashboard/application.py:4394:override:page_for_path.minutes	dashboard/application.py	page_for_path.minutes	override	15	presentation_layout	dashboard/application.py:4394 (dashboard presentation implementation)	presentation/layout/density choice; not a trading or evidence threshold
dashboard/application.py:4528:default:create_layout.health_refresh_interval_ms	dashboard/application.py	create_layout.health_refresh_interval_ms	default	30000	operational_policy	dashboard/application.py:4528 (internal dashboard operational policy)	unsupported: no defensible external benchmark/source found
dashboard/application.py:4528:default:create_layout.health_stale_after	dashboard/application.py	create_layout.health_stale_after	default	timedelta(minutes=15)	operational_policy	dashboard/application.py:4528 (internal dashboard operational policy)	unsupported: no defensible external benchmark/source found
dashboard/application.py:4544:override:create_layout.minutes	dashboard/application.py	create_layout.minutes	override	15	presentation_layout	dashboard/application.py:4544 (dashboard presentation implementation)	presentation/layout/density choice; not a trading or evidence threshold
dashboard/application.py:4585:default:create_app.health_refresh_interval_ms	dashboard/application.py	create_app.health_refresh_interval_ms	default	30000	operational_policy	dashboard/application.py:4585 (internal dashboard operational policy)	unsupported: no defensible external benchmark/source found
dashboard/application.py:4585:default:create_app.health_stale_after	dashboard/application.py	create_app.health_stale_after	default	timedelta(minutes=15)	operational_policy	dashboard/application.py:4585 (internal dashboard operational policy)	unsupported: no defensible external benchmark/source found
dashboard/application.py:4594:override:create_app.minutes	dashboard/application.py	create_app.minutes	override	15	presentation_layout	dashboard/application.py:4594 (dashboard presentation implementation)	presentation/layout/density choice; not a trading or evidence threshold
dashboard/application.py:4671:override:create_app.limit	dashboard/application.py	create_app.limit	override	20	presentation_layout	dashboard/application.py:4671 (dashboard presentation implementation)	presentation/layout/density choice; not a trading or evidence threshold
dashboard/application.py:4680:override:create_app.limit	dashboard/application.py	create_app.limit	override	20	presentation_layout	dashboard/application.py:4680 (dashboard presentation implementation)	presentation/layout/density choice; not a trading or evidence threshold
dashboard/application.py:4744:override:create_app.serve_layout.limit	dashboard/application.py	create_app.serve_layout.limit	override	20	presentation_layout	dashboard/application.py:4744 (dashboard presentation implementation)	presentation/layout/density choice; not a trading or evidence threshold
dashboard/application.py:4745:override:create_app.serve_layout.limit	dashboard/application.py	create_app.serve_layout.limit	override	20	presentation_layout	dashboard/application.py:4745 (dashboard presentation implementation)	presentation/layout/density choice; not a trading or evidence threshold
dashboard/application.py:4747:override:create_app.serve_layout.limit	dashboard/application.py	create_app.serve_layout.limit	override	20	presentation_layout	dashboard/application.py:4747 (dashboard presentation implementation)	presentation/layout/density choice; not a trading or evidence threshold
dashboard/application.py:4752:override:create_app.serve_layout.limit	dashboard/application.py	create_app.serve_layout.limit	override	20	presentation_layout	dashboard/application.py:4752 (dashboard presentation implementation)	presentation/layout/density choice; not a trading or evidence threshold
dashboard/application.py:4830:override:port	dashboard/application.py	port	override	8050	operational_policy	dashboard/application.py:4830 (internal dashboard operational policy)	unsupported: no defensible external benchmark/source found
dashboard/callbacks/backtest_results.py:64:definition:_MAX_RESULTS_QUERY_LENGTH	dashboard/callbacks/backtest_results.py	_MAX_RESULTS_QUERY_LENGTH	definition	2048	presentation_layout	dashboard/callbacks/backtest_results.py:64 (dashboard presentation implementation)	presentation/layout/density choice; not a trading or evidence threshold
dashboard/callbacks/backtest_results.py:65:definition:_MAX_RUN_ID_LENGTH	dashboard/callbacks/backtest_results.py	_MAX_RUN_ID_LENGTH	definition	256	operational_policy	dashboard/callbacks/backtest_results.py:65 (internal dashboard operational policy)	unsupported: no defensible external benchmark/source found
dashboard/callbacks/backtest_results.py:66:definition:_MAX_PARAMETER_ROW_ID_LENGTH	dashboard/callbacks/backtest_results.py	_MAX_PARAMETER_ROW_ID_LENGTH	definition	256	operational_policy	dashboard/callbacks/backtest_results.py:66 (internal dashboard operational policy)	unsupported: no defensible external benchmark/source found
dashboard/callbacks/backtest_results.py:432:override:_requested_results_run_id.max_num_fields	dashboard/callbacks/backtest_results.py	_requested_results_run_id.max_num_fields	override	20	operational_policy	dashboard/callbacks/backtest_results.py:432 (internal dashboard operational policy)	unsupported: no defensible external benchmark/source found
dashboard/callbacks/backtest_results.py:468:override:_requested_results_parameter_row_id.max_num_fields	dashboard/callbacks/backtest_results.py	_requested_results_parameter_row_id.max_num_fields	override	20	operational_policy	dashboard/callbacks/backtest_results.py:468 (internal dashboard operational policy)	unsupported: no defensible external benchmark/source found
dashboard/callbacks/backtest_results.py:1444:override:register_backtest_results_callbacks.refresh_run_monitor.limit	dashboard/callbacks/backtest_results.py	register_backtest_results_callbacks.refresh_run_monitor.limit	override	20	presentation_layout	dashboard/callbacks/backtest_results.py:1444 (dashboard presentation implementation)	presentation/layout/density choice; not a trading or evidence threshold
dashboard/callbacks/backtest_results.py:1445:override:register_backtest_results_callbacks.refresh_run_monitor.limit	dashboard/callbacks/backtest_results.py	register_backtest_results_callbacks.refresh_run_monitor.limit	override	20	presentation_layout	dashboard/callbacks/backtest_results.py:1445 (dashboard presentation implementation)	presentation/layout/density choice; not a trading or evidence threshold
dashboard/callbacks/backtest_results.py:1484:override:register_backtest_results_callbacks.refresh_run_history.limit	dashboard/callbacks/backtest_results.py	register_backtest_results_callbacks.refresh_run_history.limit	override	20	presentation_layout	dashboard/callbacks/backtest_results.py:1484 (dashboard presentation implementation)	presentation/layout/density choice; not a trading or evidence threshold
dashboard/callbacks/backtest_results.py:1507:override:register_backtest_results_callbacks.refresh_run_selectors_after_launch.limit	dashboard/callbacks/backtest_results.py	register_backtest_results_callbacks.refresh_run_selectors_after_launch.limit	override	20	presentation_layout	dashboard/callbacks/backtest_results.py:1507 (dashboard presentation implementation)	presentation/layout/density choice; not a trading or evidence threshold
dashboard/callbacks/health.py:16:definition:DEFAULT_STALE_AFTER	dashboard/callbacks/health.py	DEFAULT_STALE_AFTER	definition	timedelta(minutes=15)	operational_policy	dashboard/callbacks/health.py:16 (internal dashboard operational policy)	unsupported: no defensible external benchmark/source found
dashboard/callbacks/health.py:16:override:minutes	dashboard/callbacks/health.py	minutes	override	15	presentation_layout	dashboard/callbacks/health.py:16 (dashboard presentation implementation)	presentation/layout/density choice; not a trading or evidence threshold
dashboard/callbacks/ideas.py:43:definition:MAX_CANDIDATE_UPLOAD_BYTES	dashboard/callbacks/ideas.py	MAX_CANDIDATE_UPLOAD_BYTES	definition	100000	operational_policy	dashboard/callbacks/ideas.py:43 (internal dashboard operational policy)	unsupported: no defensible external benchmark/source found
dashboard/compare_query.py:11:definition:_MAX_QUERY_LENGTH	dashboard/compare_query.py	_MAX_QUERY_LENGTH	definition	2048	operational_policy	dashboard/compare_query.py:11 (internal dashboard operational policy)	unsupported: no defensible external benchmark/source found
dashboard/compare_query.py:12:definition:_MAX_RUN_ID_LENGTH	dashboard/compare_query.py	_MAX_RUN_ID_LENGTH	definition	256	operational_policy	dashboard/compare_query.py:12 (internal dashboard operational policy)	unsupported: no defensible external benchmark/source found
dashboard/compare_query.py:13:definition:_MAX_VISIBLE_TOKEN_LENGTH	dashboard/compare_query.py	_MAX_VISIBLE_TOKEN_LENGTH	definition	96	schema_invariant	dashboard/compare_query.py:13 (bounded visible-token contract)	enforced presentation-safety contract; cap has no external benchmark
dashboard/compare_query.py:14:definition:_MIN_COMPARE_RUNS	dashboard/compare_query.py	_MIN_COMPARE_RUNS	definition	2	schema_invariant	dashboard/compare_query.py:14 (definition of comparison cardinality)	two identities are the minimum mathematical cardinality for a comparison
dashboard/compare_query.py:15:definition:_MAX_COMPARE_RUNS	dashboard/compare_query.py	_MAX_COMPARE_RUNS	definition	4	presentation_layout	dashboard/compare_query.py:15 (dashboard presentation implementation)	presentation/layout/density choice; not a trading or evidence threshold
dashboard/compare_query.py:45:override:parse_compare_search.max_num_fields	dashboard/compare_query.py	parse_compare_search.max_num_fields	override	20	operational_policy	dashboard/compare_query.py:45 (internal dashboard operational policy)	unsupported: no defensible external benchmark/source found
dashboard/components/trade_explorer.py:95:override:layout.minimum_nights	dashboard/components/trade_explorer.py	layout.minimum_nights	override	0	mathematical_invariant	dashboard/components/trade_explorer.py:95 (non-negative duration domain)	supported by the non-negative duration domain
dashboard/pages/compare_backtests.py:144:override:layout.columnSizeOptions	dashboard/pages/compare_backtests.py	layout.columnSizeOptions	override	{'defaultMinWidth': 56}	presentation_layout	dashboard/pages/compare_backtests.py:144 (dashboard presentation implementation)	presentation/layout/density choice; not a trading or evidence threshold
dashboard/pages/home.py:123:default:build_home_view_model.health_refresh_interval_ms	dashboard/pages/home.py	build_home_view_model.health_refresh_interval_ms	default	30000	operational_policy	dashboard/pages/home.py:123 (internal dashboard operational policy)	unsupported: no defensible external benchmark/source found
dashboard/pages/home.py:123:default:build_home_view_model.stale_after	dashboard/pages/home.py	build_home_view_model.stale_after	default	timedelta(minutes=15)	operational_policy	dashboard/pages/home.py:123 (internal dashboard operational policy)	unsupported: no defensible external benchmark/source found
dashboard/pages/home.py:132:override:build_home_view_model.minutes	dashboard/pages/home.py	build_home_view_model.minutes	override	15	presentation_layout	dashboard/pages/home.py:132 (dashboard presentation implementation)	presentation/layout/density choice; not a trading or evidence threshold
dashboard/pages/home.py:272:override:layout.n_intervals	dashboard/pages/home.py	layout.n_intervals	override	0	presentation_layout	dashboard/pages/home.py:272 (dashboard presentation implementation)	presentation/layout/density choice; not a trading or evidence threshold
dashboard/pages/home.py:876:override:_data_readiness_figure.zmax	dashboard/pages/home.py	_data_readiness_figure.zmax	override	3	presentation_layout	dashboard/pages/home.py:876 (dashboard presentation implementation)	presentation/layout/density choice; not a trading or evidence threshold
dashboard/pages/home.py:876:override:_data_readiness_figure.zmin	dashboard/pages/home.py	_data_readiness_figure.zmin	override	0	presentation_layout	dashboard/pages/home.py:876 (dashboard presentation implementation)	presentation/layout/density choice; not a trading or evidence threshold
dashboard/pages/home.py:991:override:_research_stops_figure.dtick	dashboard/pages/home.py	_research_stops_figure.dtick	override	1	presentation_layout	dashboard/pages/home.py:991 (dashboard presentation implementation)	presentation/layout/density choice; not a trading or evidence threshold
dashboard/pages/ideas.py:520:override:layout.maxLength	dashboard/pages/ideas.py	layout.maxLength	override	120	schema_invariant	persistence/repositories.py:366-404 (same persisted field limits)	UI mirrors the enforced persistence contract
dashboard/pages/ideas.py:533:override:layout.maxLength	dashboard/pages/ideas.py	layout.maxLength	override	2000	schema_invariant	persistence/repositories.py:366-404 (same persisted field limits)	UI mirrors the enforced persistence contract
dashboard/pages/ideas.py:547:override:layout.maxLength	dashboard/pages/ideas.py	layout.maxLength	override	2048	schema_invariant	persistence/repositories.py:366-404 (same persisted field limits)	UI mirrors the enforced persistence contract
dashboard/pages/ideas.py:560:override:layout.maxLength	dashboard/pages/ideas.py	layout.maxLength	override	240	schema_invariant	persistence/repositories.py:366-404 (same persisted field limits)	UI mirrors the enforced persistence contract
dashboard/pages/ideas.py:580:override:layout.maxLength	dashboard/pages/ideas.py	layout.maxLength	override	2000	schema_invariant	persistence/repositories.py:366-404 (same persisted field limits)	UI mirrors the enforced persistence contract
dashboard/pages/system_health.py:24:default:layout.stale_after	dashboard/pages/system_health.py	layout.stale_after	default	timedelta(minutes=15)	operational_policy	dashboard/pages/system_health.py:24 (internal dashboard operational policy)	unsupported: no defensible external benchmark/source found
dashboard/pages/system_health.py:33:override:layout.minutes	dashboard/pages/system_health.py	layout.minutes	override	15	presentation_layout	dashboard/pages/system_health.py:33 (dashboard presentation implementation)	presentation/layout/density choice; not a trading or evidence threshold
dashboard/results_model.py:17:definition:SUPPORTED_INTERVALS	dashboard/results_model.py	SUPPORTED_INTERVALS	definition	{'1m': timedelta(minutes=1), '5m': timedelta(minutes=5), '15m': timedelta(minutes=15), '1D': timedelta(days=1)}	schema_invariant	dashboard/results_model.py:17 (supported interval-to-duration mapping)	exact application protocol mapping, not an empirical threshold
dashboard/results_model.py:18:override:minutes	dashboard/results_model.py	minutes	override	1	schema_invariant	dashboard/results_model.py:18 (supported interval-to-duration mapping)	exact application protocol mapping, not an empirical threshold
dashboard/results_model.py:19:override:minutes	dashboard/results_model.py	minutes	override	5	schema_invariant	dashboard/results_model.py:19 (supported interval-to-duration mapping)	exact application protocol mapping, not an empirical threshold
dashboard/results_model.py:20:override:minutes	dashboard/results_model.py	minutes	override	15	schema_invariant	dashboard/results_model.py:20 (supported interval-to-duration mapping)	exact application protocol mapping, not an empirical threshold
deployment/agent_gateway_server.py:85:override:main.poll_interval	deployment/agent_gateway_server.py	main.poll_interval	override	0.5	operational_policy	deployment/agent_gateway_server.py:85 (internal operational/safety policy)	unsupported: no defensible external benchmark/source found
deployment/credential-proof/probe.py:13:definition:LIMIT	deployment/credential-proof/probe.py	LIMIT	definition	1024 * 1024	operational_policy	deployment/credential-proof/probe.py:13 (internal operational/safety policy)	unsupported: no defensible external benchmark/source found
deployment/credential-proof/probe.py:23:override:exchange.timeout	deployment/credential-proof/probe.py	exchange.timeout	override	4	operational_policy	deployment/credential-proof/probe.py:23 (internal operational/safety policy)	unsupported: no defensible external benchmark/source found
deployment/credential-proof/probe.py:118:override:reachable.timeout	deployment/credential-proof/probe.py	reachable.timeout	override	2	operational_policy	deployment/credential-proof/probe.py:118 (internal operational/safety policy)	unsupported: no defensible external benchmark/source found
deployment/credential-proof/run_proof.py:32:default:command.timeout	deployment/credential-proof/run_proof.py	command.timeout	default	120	operational_policy	deployment/credential-proof/run_proof.py:32 (internal operational/safety policy)	unsupported: no defensible external benchmark/source found
deployment/credential-proof/run_proof.py:98:default:run.dc.timeout	deployment/credential-proof/run_proof.py	run.dc.timeout	default	120	operational_policy	deployment/credential-proof/run_proof.py:98 (internal operational/safety policy)	unsupported: no defensible external benchmark/source found
deployment/credential-proof/run_proof.py:102:override:run.role.timeout	deployment/credential-proof/run_proof.py	run.role.timeout	override	80	operational_policy	deployment/credential-proof/run_proof.py:102 (internal operational/safety policy)	unsupported: no defensible external benchmark/source found
deployment/credential-proof/run_proof.py:131:override:run.timeout	deployment/credential-proof/run_proof.py	run.timeout	override	180	operational_policy	deployment/credential-proof/run_proof.py:131 (internal operational/safety policy)	unsupported: no defensible external benchmark/source found
deployment/credential-proof/run_proof.py:163:override:run.timeout	deployment/credential-proof/run_proof.py	run.timeout	override	30	operational_policy	deployment/credential-proof/run_proof.py:163 (internal operational/safety policy)	unsupported: no defensible external benchmark/source found
deployment/credential-proof/run_proof.py:184:override:run.timeout	deployment/credential-proof/run_proof.py	run.timeout	override	90	operational_policy	deployment/credential-proof/run_proof.py:184 (internal operational/safety policy)	unsupported: no defensible external benchmark/source found
deployment/onecli-v2-production/probe_internal_health.py:13:override:timeout	deployment/onecli-v2-production/probe_internal_health.py	timeout	override	5	operational_policy	deployment/onecli-v2-production/probe_internal_health.py:13 (internal operational/safety policy)	unsupported: no defensible external benchmark/source found
execution/paper_journal.py:175:override:PaperOrderJournal.__init__.timeout	execution/paper_journal.py	PaperOrderJournal.__init__.timeout	override	10	operational_policy	execution/paper_journal.py:175 (internal operational/safety policy)	unsupported: no defensible external benchmark/source found
execution/paper_read_transport.py:24:definition:MAX_RESPONSE_BYTES	execution/paper_read_transport.py	MAX_RESPONSE_BYTES	definition	1024 * 1024	operational_policy	execution/paper_read_transport.py:24 (internal operational/safety policy)	unsupported: no defensible external benchmark/source found
execution/paper_read_transport.py:25:definition:CONNECT_TIMEOUT_SECONDS	execution/paper_read_transport.py	CONNECT_TIMEOUT_SECONDS	definition	3	operational_policy	execution/paper_read_transport.py:25 (internal operational/safety policy)	unsupported: no defensible external benchmark/source found
execution/paper_read_transport.py:26:definition:READ_TIMEOUT_SECONDS	execution/paper_read_transport.py	READ_TIMEOUT_SECONDS	definition	8	operational_policy	execution/paper_read_transport.py:26 (internal operational/safety policy)	unsupported: no defensible external benchmark/source found
execution/paper_read_transport.py:109:override:_CapabilityAdapter.__init__.max_retries	execution/paper_read_transport.py	_CapabilityAdapter.__init__.max_retries	override	Retry(total=0, connect=0, read=0, redirect=0, status=0, other=0)	derived_internal_contract	execution/paper_read_transport.py:104-113; AGENTS.md execution idempotency/fail-closed boundary	zero hidden retries is required by the durable order-submission safety contract
execution/paper_read_transport.py:185:override:PaperReadTransport.get.chunk_size	execution/paper_read_transport.py	PaperReadTransport.get.chunk_size	override	16384	operational_policy	execution/paper_read_transport.py:185 (internal operational/safety policy)	unsupported: no defensible external benchmark/source found
execution/paper_worker.py:71:definition:WorkerConfig.refresh_seconds	execution/paper_worker.py	WorkerConfig.refresh_seconds	definition	60	operational_policy	execution/paper_worker.py:71 (internal operational/safety policy)	unsupported: no defensible external benchmark/source found
execution/paper_worker.py:103:override:WorkerConfig.load.limit	execution/paper_worker.py	WorkerConfig.load.limit	override	16384	operational_policy	execution/paper_worker.py:103 (internal operational/safety policy)	unsupported: no defensible external benchmark/source found
execution/paper_worker.py:308:default:serve.port	execution/paper_worker.py	serve.port	default	8051	operational_policy	execution/paper_worker.py:308 (internal operational/safety policy)	unsupported: no defensible external benchmark/source found
execution/paper_worker.py:321:override:serve.timeout	execution/paper_worker.py	serve.timeout	override	3	operational_policy	execution/paper_worker.py:321 (internal operational/safety policy)	unsupported: no defensible external benchmark/source found
execution/paper_worker.py:325:override:check_health.timeout	execution/paper_worker.py	check_health.timeout	override	2	operational_policy	execution/paper_worker.py:325 (internal operational/safety policy)	unsupported: no defensible external benchmark/source found
execution/paper_worker.py:329:override:check_health.limit	execution/paper_worker.py	check_health.limit	override	4096	operational_policy	execution/paper_worker.py:329 (internal operational/safety policy)	unsupported: no defensible external benchmark/source found
market_data/acquire_spym.py:25:definition:MAX_DATABENTO_COST_USD	market_data/acquire_spym.py	MAX_DATABENTO_COST_USD	definition	1.0	operational_policy	market_data/acquire_spym.py:25 (internal operational/safety policy)	unsupported: no defensible external benchmark/source found
market_data/providers/alpaca.py:354:override:_group_missing_ranges.minutes	market_data/providers/alpaca.py	_group_missing_ranges.minutes	override	1	operational_policy	market_data/providers/alpaca.py:354 (internal operational/safety policy)	unsupported: no defensible external benchmark/source found
market_data/providers/alpaca.py:367:override:_group_missing_ranges.minutes	market_data/providers/alpaca.py	_group_missing_ranges.minutes	override	1	operational_policy	market_data/providers/alpaca.py:367 (internal operational/safety policy)	unsupported: no defensible external benchmark/source found
market_data/providers/alpaca.py:380:override:_group_missing_ranges.minutes	market_data/providers/alpaca.py	_group_missing_ranges.minutes	override	1	operational_policy	market_data/providers/alpaca.py:380 (internal operational/safety policy)	unsupported: no defensible external benchmark/source found
market_data/providers/alpaca.py:389:default:AlpacaHistoricalBarsProvider.__init__.backoff_seconds	market_data/providers/alpaca.py	AlpacaHistoricalBarsProvider.__init__.backoff_seconds	default	0.5	operational_policy	market_data/providers/alpaca.py:389 (internal operational/safety policy)	unsupported: no defensible external benchmark/source found
market_data/providers/alpaca.py:389:default:AlpacaHistoricalBarsProvider.__init__.max_retries	market_data/providers/alpaca.py	AlpacaHistoricalBarsProvider.__init__.max_retries	default	3	operational_policy	market_data/providers/alpaca.py:389 (internal operational/safety policy)	unsupported: no defensible external benchmark/source found
market_data/providers/alpaca.py:389:default:AlpacaHistoricalBarsProvider.__init__.timeout	market_data/providers/alpaca.py	AlpacaHistoricalBarsProvider.__init__.timeout	default	30.0	operational_policy	market_data/providers/alpaca.py:389 (internal operational/safety policy)	unsupported: no defensible external benchmark/source found
market_data/providers/databento.py:279:default:DatabentoOhlcvProvider.acquire_from_start.max_cost_usd	market_data/providers/databento.py	DatabentoOhlcvProvider.acquire_from_start.max_cost_usd	default	1.0	operational_policy	market_data/providers/databento.py:279 (internal operational/safety policy)	unsupported: no defensible external benchmark/source found
orchestration/research_launch_claims.py:48:definition:DEFAULT_BUSY_TIMEOUT_SECONDS	orchestration/research_launch_claims.py	DEFAULT_BUSY_TIMEOUT_SECONDS	definition	0.25	operational_policy	orchestration/research_launch_claims.py:48 (internal operational/safety policy)	unsupported: no defensible external benchmark/source found
orchestration/research_launch_claims.py:49:definition:MIN_BUSY_TIMEOUT_SECONDS	orchestration/research_launch_claims.py	MIN_BUSY_TIMEOUT_SECONDS	definition	0.01	operational_policy	orchestration/research_launch_claims.py:49 (internal operational/safety policy)	unsupported: no defensible external benchmark/source found
orchestration/research_launch_claims.py:50:definition:MAX_BUSY_TIMEOUT_SECONDS	orchestration/research_launch_claims.py	MAX_BUSY_TIMEOUT_SECONDS	definition	30.0	operational_policy	orchestration/research_launch_claims.py:50 (internal operational/safety policy)	unsupported: no defensible external benchmark/source found
orchestration/research_launch_claims.py:314:override:DurableResearchLaunchService._normalize_request.maximum	orchestration/research_launch_claims.py	DurableResearchLaunchService._normalize_request.maximum	override	200	schema_invariant	orchestration/research_launch_claims.py:314 (bounded durable identity/evidence field contract)	enforced storage/interface field bound; no defensible external source found for the chosen cap
orchestration/research_launch_claims.py:319:override:DurableResearchLaunchService._normalize_request.maximum	orchestration/research_launch_claims.py	DurableResearchLaunchService._normalize_request.maximum	override	160	schema_invariant	orchestration/research_launch_claims.py:319 (bounded durable identity/evidence field contract)	enforced storage/interface field bound; no defensible external source found for the chosen cap
orchestration/research_launch_claims.py:328:override:DurableResearchLaunchService._normalize_request.maximum	orchestration/research_launch_claims.py	DurableResearchLaunchService._normalize_request.maximum	override	256	schema_invariant	orchestration/research_launch_claims.py:328 (bounded durable identity/evidence field contract)	enforced storage/interface field bound; no defensible external source found for the chosen cap
orchestration/research_launch_claims.py:328:override:DurableResearchLaunchService._normalize_request.maximum#2	orchestration/research_launch_claims.py	DurableResearchLaunchService._normalize_request.maximum	override	64	schema_invariant	orchestration/research_launch_claims.py:328 (bounded durable identity/evidence field contract)	enforced storage/interface field bound; no defensible external source found for the chosen cap
orchestration/research_launch_claims.py:460:override:DurableResearchLaunchService._derive_source_lineage.maximum	orchestration/research_launch_claims.py	DurableResearchLaunchService._derive_source_lineage.maximum	override	256	schema_invariant	orchestration/research_launch_claims.py:460 (bounded durable identity/evidence field contract)	enforced storage/interface field bound; no defensible external source found for the chosen cap
orchestration/research_launch_claims.py:912:override:DurableResearchLaunchService.bind_prefect_identity.maximum	orchestration/research_launch_claims.py	DurableResearchLaunchService.bind_prefect_identity.maximum	override	200	schema_invariant	orchestration/research_launch_claims.py:912 (bounded durable identity/evidence field contract)	enforced storage/interface field bound; no defensible external source found for the chosen cap
orchestration/research_launch_claims.py:915:override:DurableResearchLaunchService.bind_prefect_identity.maximum	orchestration/research_launch_claims.py	DurableResearchLaunchService.bind_prefect_identity.maximum	override	200	schema_invariant	orchestration/research_launch_claims.py:915 (bounded durable identity/evidence field contract)	enforced storage/interface field bound; no defensible external source found for the chosen cap
orchestration/research_launch_claims.py:918:override:DurableResearchLaunchService.bind_prefect_identity.maximum	orchestration/research_launch_claims.py	DurableResearchLaunchService.bind_prefect_identity.maximum	override	2048	schema_invariant	orchestration/research_launch_claims.py:918 (bounded durable identity/evidence field contract)	enforced storage/interface field bound; no defensible external source found for the chosen cap
orchestration/research_launch_claims.py:1088:override:DurableResearchLaunchService.mark_invocation_unknown.maximum	orchestration/research_launch_claims.py	DurableResearchLaunchService.mark_invocation_unknown.maximum	override	500	schema_invariant	orchestration/research_launch_claims.py:1088 (bounded durable identity/evidence field contract)	enforced storage/interface field bound; no defensible external source found for the chosen cap
orchestration/research_launch_claims.py:1138:override:DurableResearchLaunchService.recover_invoking_after_process_exit.maximum	orchestration/research_launch_claims.py	DurableResearchLaunchService.recover_invoking_after_process_exit.maximum	override	500	schema_invariant	orchestration/research_launch_claims.py:1138 (bounded durable identity/evidence field contract)	enforced storage/interface field bound; no defensible external source found for the chosen cap
orchestration/research_launch_claims.py:1190:override:DurableResearchLaunchService.fail_before_submission.maximum	orchestration/research_launch_claims.py	DurableResearchLaunchService.fail_before_submission.maximum	override	500	schema_invariant	orchestration/research_launch_claims.py:1190 (bounded durable identity/evidence field contract)	enforced storage/interface field bound; no defensible external source found for the chosen cap
orchestration/research_launch_claims.py:1252:override:DurableResearchLaunchService.abandon_unknown.maximum	orchestration/research_launch_claims.py	DurableResearchLaunchService.abandon_unknown.maximum	override	500	schema_invariant	orchestration/research_launch_claims.py:1252 (bounded durable identity/evidence field contract)	enforced storage/interface field bound; no defensible external source found for the chosen cap
orchestration/research_launch_claims.py:1257:override:DurableResearchLaunchService.abandon_unknown.maximum	orchestration/research_launch_claims.py	DurableResearchLaunchService.abandon_unknown.maximum	override	500	schema_invariant	orchestration/research_launch_claims.py:1257 (bounded durable identity/evidence field contract)	enforced storage/interface field bound; no defensible external source found for the chosen cap
orchestration/run_service.py:38:definition:MAX_FIXTURE_TIMEOUT_SECONDS	orchestration/run_service.py	MAX_FIXTURE_TIMEOUT_SECONDS	definition	3600.0	operational_policy	orchestration/run_service.py:38 (internal operational/safety policy)	unsupported: no defensible external benchmark/source found
orchestration/run_service.py:64:definition:FixtureRetryPolicy.max_attempts	orchestration/run_service.py	FixtureRetryPolicy.max_attempts	definition	1	derived_internal_contract	orchestration/research_launch_claims.py:1313-1353 (single-invocation durable dispatch)	one attempt is required by the no-automatic-resubmission contract
orchestration/run_service.py:550:default:FixtureRunService.recent_runs.limit	orchestration/run_service.py	FixtureRunService.recent_runs.limit	default	20	operational_policy	orchestration/run_service.py:550 (internal operational/safety policy)	unsupported: no defensible external benchmark/source found
orchestration/run_service.py:670:default:FixtureRunService.recent_events.limit	orchestration/run_service.py	FixtureRunService.recent_events.limit	default	20	operational_policy	orchestration/run_service.py:670 (internal operational/safety policy)	unsupported: no defensible external benchmark/source found
persistence/repositories.py:366:definition:IdeaDraftRepository._LIMITS	persistence/repositories.py	IdeaDraftRepository._LIMITS	definition	{'title': 120, 'description': 2000, 'source_url': 2048, 'attribution': 240, 'notes': 2000}	schema_invariant	persistence/repositories.py:366 (enforced IdeaDraftRepository field contract)	enforced application schema limit; no empirical trading claim
persistence/repositories.py:700:default:RunEventRepository.list_recent.limit	persistence/repositories.py	RunEventRepository.list_recent.limit	default	20	operational_policy	persistence/repositories.py:700 (internal query-page default)	unsupported: no defensible external benchmark/source found
persistence/service.py:219:override:_git_output.timeout	persistence/service.py	_git_output.timeout	override	5	operational_policy	persistence/service.py:219 (internal subprocess/SQLite timeout)	unsupported: no defensible external benchmark/source found
persistence/service.py:236:override:_git_output_bytes.timeout	persistence/service.py	_git_output_bytes.timeout	override	5	operational_policy	persistence/service.py:236 (internal subprocess/SQLite timeout)	unsupported: no defensible external benchmark/source found
prefect_spike/fixture_flow.py:318:default:deterministic_fixture_body.deterministic_value	prefect_spike/fixture_flow.py	deterministic_fixture_body.deterministic_value	default	1729	historical_fixture	prefect_spike/fixture_flow.py:318 (fixture contract)	historical/fixture value; not a current production or evidence threshold
prefect_spike/fixture_flow.py:444:override:retry_delay_seconds	prefect_spike/fixture_flow.py	retry_delay_seconds	override	0	historical_fixture	prefect_spike/fixture_flow.py:444 (fixture contract)	historical/fixture value; not a current production or evidence threshold
prefect_spike/fixture_flow.py:465:override:timeout_seconds	prefect_spike/fixture_flow.py	timeout_seconds	override	0.2	historical_fixture	prefect_spike/fixture_flow.py:465 (fixture contract)	historical/fixture value; not a current production or evidence threshold
prefect_spike/live_verification.py:90:override:_read_prefect_evidence_once.limit	prefect_spike/live_verification.py	_read_prefect_evidence_once.limit	override	20	operational_policy	prefect_spike/live_verification.py:90 (internal verification timeout/poll/page policy)	unsupported: no defensible external benchmark/source found
prefect_spike/live_verification.py:94:override:_read_prefect_evidence_once.limit	prefect_spike/live_verification.py	_read_prefect_evidence_once.limit	override	50	operational_policy	prefect_spike/live_verification.py:94 (internal verification timeout/poll/page policy)	unsupported: no defensible external benchmark/source found
prefect_spike/live_verification.py:102:override:_read_prefect_evidence_once.limit	prefect_spike/live_verification.py	_read_prefect_evidence_once.limit	override	20	operational_policy	prefect_spike/live_verification.py:102 (internal verification timeout/poll/page policy)	unsupported: no defensible external benchmark/source found
prefect_spike/live_verification.py:110:default:_read_prefect_evidence_with_polling.poll_interval_seconds	prefect_spike/live_verification.py	_read_prefect_evidence_with_polling.poll_interval_seconds	default	0.2	operational_policy	prefect_spike/live_verification.py:110 (internal verification timeout/poll/page policy)	unsupported: no defensible external benchmark/source found
prefect_spike/live_verification.py:110:default:_read_prefect_evidence_with_polling.timeout_seconds	prefect_spike/live_verification.py	_read_prefect_evidence_with_polling.timeout_seconds	default	3.0	operational_policy	prefect_spike/live_verification.py:110 (internal verification timeout/poll/page policy)	unsupported: no defensible external benchmark/source found
prefect_spike/live_verification.py:171:default:run_live_timeout_verification.timeout_seconds	prefect_spike/live_verification.py	run_live_timeout_verification.timeout_seconds	default	1.0	operational_policy	prefect_spike/live_verification.py:171 (internal verification timeout/poll/page policy)	unsupported: no defensible external benchmark/source found
prefect_spike/milestone23_browser_fixture.py:307:override:_walk_forward_rules.minimum_rows_per_window	prefect_spike/milestone23_browser_fixture.py	_walk_forward_rules.minimum_rows_per_window	override	2	historical_fixture	prefect_spike/milestone23_browser_fixture.py:307 (fixture contract)	historical/fixture value; not a current production or evidence threshold
prefect_spike/milestone23_browser_fixture.py:307:override:_walk_forward_rules.selection_window_size	prefect_spike/milestone23_browser_fixture.py	_walk_forward_rules.selection_window_size	override	5	historical_fixture	prefect_spike/milestone23_browser_fixture.py:307 (fixture contract)	historical/fixture value; not a current production or evidence threshold
prefect_spike/milestone23_browser_fixture.py:307:override:_walk_forward_rules.step_size	prefect_spike/milestone23_browser_fixture.py	_walk_forward_rules.step_size	override	5	historical_fixture	prefect_spike/milestone23_browser_fixture.py:307 (fixture contract)	historical/fixture value; not a current production or evidence threshold
prefect_spike/milestone23_browser_fixture.py:307:override:_walk_forward_rules.test_window_size	prefect_spike/milestone23_browser_fixture.py	_walk_forward_rules.test_window_size	override	5	historical_fixture	prefect_spike/milestone23_browser_fixture.py:307 (fixture contract)	historical/fixture value; not a current production or evidence threshold
prefect_spike/milestone23_browser_fixture.py:307:override:_walk_forward_rules.training_window_size	prefect_spike/milestone23_browser_fixture.py	_walk_forward_rules.training_window_size	override	10	historical_fixture	prefect_spike/milestone23_browser_fixture.py:307 (fixture contract)	historical/fixture value; not a current production or evidence threshold
prefect_spike/milestone23_browser_fixture.py:339:override:_walk_forward_result.maximum_consecutive_persistence	prefect_spike/milestone23_browser_fixture.py	_walk_forward_result.maximum_consecutive_persistence	override	0	historical_fixture	prefect_spike/milestone23_browser_fixture.py:339 (fixture contract)	historical/fixture value; not a current production or evidence threshold
prefect_spike/milestone23_browser_fixture.py:339:override:_walk_forward_result.total_trades	prefect_spike/milestone23_browser_fixture.py	_walk_forward_result.total_trades	override	0	historical_fixture	prefect_spike/milestone23_browser_fixture.py:339 (fixture contract)	historical/fixture value; not a current production or evidence threshold
prefect_spike/milestone23_browser_fixture.py:341:override:_walk_forward_result.window	prefect_spike/milestone23_browser_fixture.py	_walk_forward_result.window	override	WalkForwardWindow(fold_id=fold_id, train=_partition(f'{fold_id}:train', 0, 10), selection=_partition(f'{fold_id}:selection', 10, 5), test=_partition(f'{fold_id}:test', 15, 5))	historical_fixture	prefect_spike/milestone23_browser_fixture.py:341 (fixture contract)	historical/fixture value; not a current production or evidence threshold
prefect_spike/milestone23_browser_fixture.py:400:override:_monte_carlo_result.values	prefect_spike/milestone23_browser_fixture.py	_monte_carlo_result.values	override	(0.04, 0.03, 0.02, 0.01)	historical_fixture	prefect_spike/milestone23_browser_fixture.py:400 (fixture contract)	historical/fixture value; not a current production or evidence threshold
prefect_spike/milestone23_browser_fixture.py:411:override:_monte_carlo_result.maximum_drawdown_breach_probability	prefect_spike/milestone23_browser_fixture.py	_monte_carlo_result.maximum_drawdown_breach_probability	override	1.0	historical_fixture	prefect_spike/milestone23_browser_fixture.py:411 (fixture contract)	historical/fixture value; not a current production or evidence threshold
prefect_spike/milestone23_browser_fixture.py:411:override:_monte_carlo_result.maximum_loss_probability	prefect_spike/milestone23_browser_fixture.py	_monte_carlo_result.maximum_loss_probability	override	1.0	historical_fixture	prefect_spike/milestone23_browser_fixture.py:411 (fixture contract)	historical/fixture value; not a current production or evidence threshold
prefect_spike/milestone23_browser_fixture.py:411:override:_monte_carlo_result.minimum_lower_percentile_return	prefect_spike/milestone23_browser_fixture.py	_monte_carlo_result.minimum_lower_percentile_return	override	-1.0	historical_fixture	prefect_spike/milestone23_browser_fixture.py:411 (fixture contract)	historical/fixture value; not a current production or evidence threshold
prefect_spike/milestone23_browser_fixture.py:411:override:_monte_carlo_result.minimum_observations	prefect_spike/milestone23_browser_fixture.py	_monte_carlo_result.minimum_observations	override	3	historical_fixture	prefect_spike/milestone23_browser_fixture.py:411 (fixture contract)	historical/fixture value; not a current production or evidence threshold
prefect_spike/milestone23_browser_fixture.py:411:override:_monte_carlo_result.simulation_count	prefect_spike/milestone23_browser_fixture.py	_monte_carlo_result.simulation_count	override	20	historical_fixture	prefect_spike/milestone23_browser_fixture.py:411 (fixture contract)	historical/fixture value; not a current production or evidence threshold
prefect_spike/spym_vectorbt_fixture.py:390:override:_experiment_config.maximum_drawdown	prefect_spike/spym_vectorbt_fixture.py	_experiment_config.maximum_drawdown	override	1.0	historical_fixture	prefect_spike/spym_vectorbt_fixture.py:390 (fixture contract)	historical/fixture value; not a current production or evidence threshold
prefect_spike/spym_vectorbt_fixture.py:390:override:_experiment_config.minimum_annualized_return	prefect_spike/spym_vectorbt_fixture.py	_experiment_config.minimum_annualized_return	override	-1.0	historical_fixture	prefect_spike/spym_vectorbt_fixture.py:390 (fixture contract)	historical/fixture value; not a current production or evidence threshold
prefect_spike/spym_vectorbt_fixture.py:390:override:_experiment_config.minimum_sharpe_ratio	prefect_spike/spym_vectorbt_fixture.py	_experiment_config.minimum_sharpe_ratio	override	-999.0	historical_fixture	prefect_spike/spym_vectorbt_fixture.py:390 (fixture contract)	historical/fixture value; not a current production or evidence threshold
prefect_spike/spym_vectorbt_fixture.py:390:override:_experiment_config.minimum_total_return	prefect_spike/spym_vectorbt_fixture.py	_experiment_config.minimum_total_return	override	-1.0	historical_fixture	prefect_spike/spym_vectorbt_fixture.py:390 (fixture contract)	historical/fixture value; not a current production or evidence threshold
prefect_spike/spym_vectorbt_fixture.py:390:override:_experiment_config.minimum_trades	prefect_spike/spym_vectorbt_fixture.py	_experiment_config.minimum_trades	override	0	historical_fixture	prefect_spike/spym_vectorbt_fixture.py:390 (fixture contract)	historical/fixture value; not a current production or evidence threshold
research_intake/qf_candidate.py:27:definition:MAX_PACKET_CHARS	research_intake/qf_candidate.py	MAX_PACKET_CHARS	definition	100000	operational_policy	research_intake/qf_candidate.py:27 (internal operational/safety policy)	unsupported: no defensible external benchmark/source found
research_intake/qf_candidate.py:28:definition:MAX_VARIABLE_VALUES	research_intake/qf_candidate.py	MAX_VARIABLE_VALUES	definition	64	operational_policy	research_intake/qf_candidate.py:28 (internal operational/safety policy)	unsupported: no defensible external benchmark/source found
research_intake/qf_candidate.py:29:definition:MAX_PARAMETER_COMBINATIONS	research_intake/qf_candidate.py	MAX_PARAMETER_COMBINATIONS	definition	10000	operational_policy	research_intake/qf_candidate.py:29 (internal operational/safety policy)	unsupported: no defensible external benchmark/source found
research_intake/qf_candidate.py:301:override:validate_candidate_packet.parameter_combinations	research_intake/qf_candidate.py	validate_candidate_packet.parameter_combinations	override	combination_count if variables else 0	mathematical_invariant	research_intake/qf_candidate.py:301 (empty-grid cardinality)	supported by exact cardinality semantics; no variables imply zero combinations
strategies/mes_opening_range_breakout.py:22:definition:ORB_RANGE_MINUTES	strategies/mes_opening_range_breakout.py	ORB_RANGE_MINUTES	definition	(5, 15, 30, 45, 60)	unsupported	no defensible source found	unsupported: approval, prior backtest, convention, or code presence is not a defensible source
strategies/mes_opening_range_breakout.py:23:definition:ORB_OFFSET_TICKS	strategies/mes_opening_range_breakout.py	ORB_OFFSET_TICKS	definition	(0, 1, 2)	unsupported	no defensible source found	unsupported: approval, prior backtest, convention, or code presence is not a defensible source
strategies/mes_opening_range_breakout.py:24:definition:MES_TICK_SIZE	strategies/mes_opening_range_breakout.py	MES_TICK_SIZE	definition	0.25	externally_sourced_mes_contract	docs/mes-execution-and-roll-investigation.md:3-40 (CME/IBKR/NFA sources)	externally sourced MES contract/fee value; fee schedule must be revalidated before live use
strategies/mes_opening_range_breakout.py:25:definition:MES_POINT_VALUE	strategies/mes_opening_range_breakout.py	MES_POINT_VALUE	definition	5.0	externally_sourced_mes_contract	docs/mes-execution-and-roll-investigation.md:3-40 (CME/IBKR/NFA sources)	externally sourced MES contract/fee value; fee schedule must be revalidated before live use
strategies/mes_opening_range_breakout.py:47:override:maximum	strategies/mes_opening_range_breakout.py	maximum	override	60	unsupported	no defensible source found	unsupported: approval, prior backtest, convention, or code presence is not a defensible source
strategies/mes_opening_range_breakout.py:47:override:minimum	strategies/mes_opening_range_breakout.py	minimum	override	5	unsupported	no defensible source found	unsupported: approval, prior backtest, convention, or code presence is not a defensible source
strategies/mes_opening_range_breakout.py:63:override:maximum	strategies/mes_opening_range_breakout.py	maximum	override	2	unsupported	no defensible source found	unsupported: approval, prior backtest, convention, or code presence is not a defensible source
strategies/mes_opening_range_breakout.py:63:override:minimum	strategies/mes_opening_range_breakout.py	minimum	override	0	unsupported	no defensible source found	unsupported: approval, prior backtest, convention, or code presence is not a defensible source
strategies/mes_opening_range_breakout.py:96:override:_spec.minimum_history_bars	strategies/mes_opening_range_breakout.py	_spec.minimum_history_bars	override	13	derived_internal_contract	strategies/mes_opening_range_breakout.py:96 (60-minute maximum range on five-minute bars plus next bar)	exactly derived from the declared range and execution timing
strategies/mes_opening_range_breakout.py:104:override:_spec.fee_rate	strategies/mes_opening_range_breakout.py	_spec.fee_rate	override	0.0	derived_internal_contract	strategies/mes_opening_range_breakout.py:104; docs/mes-execution-and-roll-investigation.md:26-40	generic percentage-cost fields are neutral because candidate-local futures costs are applied explicitly
strategies/mes_opening_range_breakout.py:104:override:_spec.slippage_rate	strategies/mes_opening_range_breakout.py	_spec.slippage_rate	override	0.0	derived_internal_contract	strategies/mes_opening_range_breakout.py:104; docs/mes-execution-and-roll-investigation.md:26-40	generic percentage-cost fields are neutral because candidate-local futures costs are applied explicitly
strategies/mes_opening_range_breakout.py:192:override:generate_orb_signal_bundle.minutes	strategies/mes_opening_range_breakout.py	generate_orb_signal_bundle.minutes	override	5	unsupported	no defensible source found	unsupported: approval, prior backtest, convention, or code presence is not a defensible source
strategies/mes_overnight_gap_reversal.py:41:definition:INITIAL_CASH	strategies/mes_overnight_gap_reversal.py	INITIAL_CASH	definition	100000.0	unsupported	no defensible source found	unsupported: approval, prior backtest, convention, or code presence is not a defensible source
strategies/mes_overnight_gap_reversal.py:42:definition:POINT_VALUE	strategies/mes_overnight_gap_reversal.py	POINT_VALUE	definition	5.0	externally_sourced_mes_contract	docs/mes-execution-and-roll-investigation.md:3-40 (CME/IBKR/NFA sources)	externally sourced MES contract/fee value; fee schedule must be revalidated before live use
strategies/mes_overnight_gap_reversal.py:43:definition:TICK_SIZE	strategies/mes_overnight_gap_reversal.py	TICK_SIZE	definition	0.25	externally_sourced_mes_contract	docs/mes-execution-and-roll-investigation.md:3-40 (CME/IBKR/NFA sources)	externally sourced MES contract/fee value; fee schedule must be revalidated before live use
strategies/mes_overnight_gap_reversal.py:44:definition:FEE_PER_SIDE	strategies/mes_overnight_gap_reversal.py	FEE_PER_SIDE	definition	0.62	externally_sourced_mes_contract	docs/mes-execution-and-roll-investigation.md:3-40 (CME/IBKR/NFA sources)	externally sourced MES contract/fee value; fee schedule must be revalidated before live use
strategies/mes_overnight_gap_reversal.py:59:override:minimum_history_bars	strategies/mes_overnight_gap_reversal.py	minimum_history_bars	override	8	derived_internal_contract	docs/strategies/mes-overnight-gap-reversal.md:91-140	derived from fixed required timestamps / 09:35-to-10:00 holding interval
strategies/mes_overnight_gap_reversal.py:67:override:fee_rate	strategies/mes_overnight_gap_reversal.py	fee_rate	override	0.0	derived_internal_contract	strategies/mes_overnight_gap_reversal.py:67; docs/mes-execution-and-roll-investigation.md:26-40	generic percentage-cost fields are neutral because candidate-local futures costs are applied explicitly
strategies/mes_overnight_gap_reversal.py:67:override:maximum_holding_period	strategies/mes_overnight_gap_reversal.py	maximum_holding_period	override	25	derived_internal_contract	docs/strategies/mes-overnight-gap-reversal.md:91-140	derived from fixed required timestamps / 09:35-to-10:00 holding interval
strategies/mes_overnight_gap_reversal.py:67:override:slippage_rate	strategies/mes_overnight_gap_reversal.py	slippage_rate	override	0.0	derived_internal_contract	strategies/mes_overnight_gap_reversal.py:67; docs/mes-execution-and-roll-investigation.md:26-40	generic percentage-cost fields are neutral because candidate-local futures costs are applied explicitly
strategies/parameter_governance.py:18:definition:PROVISIONAL_GRID_WARNING_THRESHOLD	strategies/parameter_governance.py	PROVISIONAL_GRID_WARNING_THRESHOLD	definition	100	provisional_policy	docs/parameter-governance.md:57-71	unsupported: explicitly provisional human-review threshold; no defensible external source found
strategies/rsi_mean_reversion.py:19:definition:RSI_WINDOWS	strategies/rsi_mean_reversion.py	RSI_WINDOWS	definition	(7, 14, 21)	unsupported	no defensible source found	unsupported: approval, prior backtest, convention, or code presence is not a defensible source
strategies/rsi_mean_reversion.py:20:definition:ENTRY_THRESHOLDS	strategies/rsi_mean_reversion.py	ENTRY_THRESHOLDS	definition	(20, 25, 30)	unsupported	no defensible source found	unsupported: approval, prior backtest, convention, or code presence is not a defensible source
strategies/rsi_mean_reversion.py:21:definition:EXIT_THRESHOLDS	strategies/rsi_mean_reversion.py	EXIT_THRESHOLDS	definition	(50, 55, 60)	unsupported	no defensible source found	unsupported: approval, prior backtest, convention, or code presence is not a defensible source
strategies/rsi_mean_reversion.py:32:override:minimum_history_bars	strategies/rsi_mean_reversion.py	minimum_history_bars	override	max(RSI_WINDOWS) + 1	derived_internal_contract	strategies/rsi_mean_reversion.py:32 (largest lookback plus one)	exactly derived from the declared lookback grid
strategies/rsi_mean_reversion.py:40:override:minimum	strategies/rsi_mean_reversion.py	minimum	override	1	mathematical_invariant	strategies/rsi_mean_reversion.py:40 (RSI domain / positive lookback definition)	supported by the indicator domain or minimum positive cardinality
strategies/rsi_mean_reversion.py:58:override:maximum	strategies/rsi_mean_reversion.py	maximum	override	100	mathematical_invariant	strategies/rsi_mean_reversion.py:58 (RSI domain / positive lookback definition)	supported by the indicator domain or minimum positive cardinality
strategies/rsi_mean_reversion.py:58:override:minimum	strategies/rsi_mean_reversion.py	minimum	override	0	mathematical_invariant	strategies/rsi_mean_reversion.py:58 (RSI domain / positive lookback definition)	supported by the indicator domain or minimum positive cardinality
strategies/rsi_mean_reversion.py:77:override:maximum	strategies/rsi_mean_reversion.py	maximum	override	100	mathematical_invariant	strategies/rsi_mean_reversion.py:77 (RSI domain / positive lookback definition)	supported by the indicator domain or minimum positive cardinality
strategies/rsi_mean_reversion.py:77:override:minimum	strategies/rsi_mean_reversion.py	minimum	override	0	mathematical_invariant	strategies/rsi_mean_reversion.py:77 (RSI domain / positive lookback definition)	supported by the indicator domain or minimum positive cardinality
strategies/rsi_mean_reversion.py:97:override:fee_rate	strategies/rsi_mean_reversion.py	fee_rate	override	0.0005	unsupported	no defensible source found	unsupported: approval, prior backtest, convention, or code presence is not a defensible source
strategies/rsi_mean_reversion.py:97:override:slippage_rate	strategies/rsi_mean_reversion.py	slippage_rate	override	0.0002	unsupported	no defensible source found	unsupported: approval, prior backtest, convention, or code presence is not a defensible source
strategies/spy_donchian_trend_breakout.py:19:definition:ENTRY_LOOKBACKS	strategies/spy_donchian_trend_breakout.py	ENTRY_LOOKBACKS	definition	(20, 55)	unsupported	no defensible source found	unsupported: approval, prior backtest, convention, or code presence is not a defensible source
strategies/spy_donchian_trend_breakout.py:20:definition:EXIT_LOOKBACKS	strategies/spy_donchian_trend_breakout.py	EXIT_LOOKBACKS	definition	(10, 20)	unsupported	no defensible source found	unsupported: approval, prior backtest, convention, or code presence is not a defensible source
strategies/spy_donchian_trend_breakout.py:24:override:minimum	strategies/spy_donchian_trend_breakout.py	minimum	override	1	mathematical_invariant	strategies/spy_donchian_trend_breakout.py:24 (positive lookback definition)	supported by minimum positive lookback cardinality
strategies/spy_donchian_trend_breakout.py:39:override:minimum	strategies/spy_donchian_trend_breakout.py	minimum	override	1	mathematical_invariant	strategies/spy_donchian_trend_breakout.py:39 (positive lookback definition)	supported by minimum positive lookback cardinality
strategies/spy_donchian_trend_breakout.py:71:override:_spec.minimum_history_bars	strategies/spy_donchian_trend_breakout.py	_spec.minimum_history_bars	override	max(ENTRY_LOOKBACKS) + 1	derived_internal_contract	strategies/spy_donchian_trend_breakout.py:71 (largest lookback plus one)	exactly derived from the declared lookback grid
strategies/spy_donchian_trend_breakout.py:79:override:_spec.fee_rate	strategies/spy_donchian_trend_breakout.py	_spec.fee_rate	override	0.0005	unsupported	no defensible source found	unsupported: approval, prior backtest, convention, or code presence is not a defensible source
strategies/spy_donchian_trend_breakout.py:79:override:_spec.slippage_rate	strategies/spy_donchian_trend_breakout.py	_spec.slippage_rate	override	0.0002	unsupported	no defensible source found	unsupported: approval, prior backtest, convention, or code presence is not a defensible source
strategies/spym_intraday_momentum.py:38:override:minimum_history_bars	strategies/spym_intraday_momentum.py	minimum_history_bars	override	4	published_gao_spym_source	strategies/spym_intraday_momentum.py:19-69; docs/strategies/spym-intraday-momentum.md:7-60 (Gao et al., JFE 2018 DOI)	derived minimum input cardinality for the published-source transfer; not independent profitability evidence
strategies/spym_intraday_momentum.py:46:override:fee_rate	strategies/spym_intraday_momentum.py	fee_rate	override	0.0005	unsupported	no defensible source found	unsupported: approval, prior backtest, convention, or code presence is not a defensible source
strategies/spym_intraday_momentum.py:46:override:slippage_rate	strategies/spym_intraday_momentum.py	slippage_rate	override	0.0002	unsupported	no defensible source found	unsupported: approval, prior backtest, convention, or code presence is not a defensible source
strategies/spym_rsi_mean_reversion_fixture.py:19:definition:SPYM_RSI_WINDOW	strategies/spym_rsi_mean_reversion_fixture.py	SPYM_RSI_WINDOW	definition	14	historical_fixture	strategies/spym_rsi_mean_reversion_fixture.py:19 (infrastructure fixture specification)	fixture-only value; not evidence for a trading decision
strategies/spym_rsi_mean_reversion_fixture.py:20:definition:SPYM_RSI_ENTRY_THRESHOLD	strategies/spym_rsi_mean_reversion_fixture.py	SPYM_RSI_ENTRY_THRESHOLD	definition	30	historical_fixture	strategies/spym_rsi_mean_reversion_fixture.py:20 (infrastructure fixture specification)	fixture-only value; not evidence for a trading decision
strategies/spym_rsi_mean_reversion_fixture.py:21:definition:SPYM_RSI_EXIT_THRESHOLD	strategies/spym_rsi_mean_reversion_fixture.py	SPYM_RSI_EXIT_THRESHOLD	definition	55	historical_fixture	strategies/spym_rsi_mean_reversion_fixture.py:21 (infrastructure fixture specification)	fixture-only value; not evidence for a trading decision
strategies/spym_rsi_mean_reversion_fixture.py:34:override:minimum_history_bars	strategies/spym_rsi_mean_reversion_fixture.py	minimum_history_bars	override	SPYM_RSI_WINDOW + 1	historical_fixture	strategies/spym_rsi_mean_reversion_fixture.py:34 (infrastructure fixture specification)	fixture-only value; not evidence for a trading decision
strategies/spym_rsi_mean_reversion_fixture.py:42:override:minimum	strategies/spym_rsi_mean_reversion_fixture.py	minimum	override	1	historical_fixture	strategies/spym_rsi_mean_reversion_fixture.py:42 (infrastructure fixture specification)	fixture-only value; not evidence for a trading decision
strategies/spym_rsi_mean_reversion_fixture.py:60:override:maximum	strategies/spym_rsi_mean_reversion_fixture.py	maximum	override	100	historical_fixture	strategies/spym_rsi_mean_reversion_fixture.py:60 (infrastructure fixture specification)	fixture-only value; not evidence for a trading decision
strategies/spym_rsi_mean_reversion_fixture.py:60:override:minimum	strategies/spym_rsi_mean_reversion_fixture.py	minimum	override	0	historical_fixture	strategies/spym_rsi_mean_reversion_fixture.py:60 (infrastructure fixture specification)	fixture-only value; not evidence for a trading decision
strategies/spym_rsi_mean_reversion_fixture.py:76:override:maximum	strategies/spym_rsi_mean_reversion_fixture.py	maximum	override	100	historical_fixture	strategies/spym_rsi_mean_reversion_fixture.py:76 (infrastructure fixture specification)	fixture-only value; not evidence for a trading decision
strategies/spym_rsi_mean_reversion_fixture.py:76:override:minimum	strategies/spym_rsi_mean_reversion_fixture.py	minimum	override	0	historical_fixture	strategies/spym_rsi_mean_reversion_fixture.py:76 (infrastructure fixture specification)	fixture-only value; not evidence for a trading decision
strategies/spym_rsi_mean_reversion_fixture.py:93:override:fee_rate	strategies/spym_rsi_mean_reversion_fixture.py	fee_rate	override	0.0	historical_fixture	strategies/spym_rsi_mean_reversion_fixture.py:93 (infrastructure fixture specification)	fixture-only value; not evidence for a trading decision
strategies/spym_rsi_mean_reversion_fixture.py:93:override:slippage_rate	strategies/spym_rsi_mean_reversion_fixture.py	slippage_rate	override	0.0	historical_fixture	strategies/spym_rsi_mean_reversion_fixture.py:93 (infrastructure fixture specification)	fixture-only value; not evidence for a trading decision
tools/check_alpaca_authentication.py:28:definition:GATEWAY_PROXY_PORT	tools/check_alpaca_authentication.py	GATEWAY_PROXY_PORT	definition	10255	operational_policy	tools/check_alpaca_authentication.py:28 (internal operational/safety policy)	unsupported: no defensible external benchmark/source found
tools/check_alpaca_authentication.py:46:override:LocalAdmin.call.timeout	tools/check_alpaca_authentication.py	LocalAdmin.call.timeout	override	8	operational_policy	tools/check_alpaca_authentication.py:46 (internal operational/safety policy)	unsupported: no defensible external benchmark/source found
tools/check_alpaca_authentication.py:54:override:LocalAdmin.call.limit	tools/check_alpaca_authentication.py	LocalAdmin.call.limit	override	262144	operational_policy	tools/check_alpaca_authentication.py:54 (internal operational/safety policy)	unsupported: no defensible external benchmark/source found
tools/check_documentation.py:13:definition:MAX_MILESTONES_BYTES	tools/check_documentation.py	MAX_MILESTONES_BYTES	definition	100000	operational_policy	tools/check_documentation.py:13 (internal operational/safety policy)	unsupported: no defensible external benchmark/source found
